Workbook

Sheet Cover
B3: KAMPALA UGANDA TEMPLE
B5: Master Information Delivery Plan
B7: The aggregated schedule of information deliverables for the project, compiled from the Task Information Delivery Plan of every appointed party.
B10: Document reference | C10: KUT-SMB-ZZ-ZZ-SH-Z-0001
B11: Revision | C11: P01
B12: Status / suitability | C12: DRAFT — not issued (S0, work in progress)
B13: Prepared by | C13: Symbion Consulting Group Studios (Information Manager)
B14: Baselined | C14: [FILL — date]
B15: Last updated | C15: [FILL — date]
B16: Update frequency | C16: Monthly, and at every data drop
B18: How to use this workbook
B19: Programme | C19: Enter the appointment date here, once. Every calendar date in the workbook is calculated from it.
B20: MIDP | C20: The project register. One row per deliverable. Filter by discipline, stage or status. The Information Manager maintains this sheet.
B21: TIDP-… | C21: One Task Information Delivery Plan per appointed party, pre-filled with the deliverables already assigned to it. Confirm the dates, add anything your scope requires that is not listed, and return the sheet. TIDP-ALL carries the deliverables every party owes.
B22: Summary | C22: Counts by stage, discipline and delivery plan, calculated from the MIDP sheet. Nothing is typed here.
B23: Drawing schedule | C23: Indicative sheet counts by volume and role, for production planning.
B24: Change log | C24: What changed since the previous issue of this register, and why, including the references that were retired.
B25: Lists | C25: The permitted values behind the drop-down lists. Amend here to change the drop-downs.
B27: Before this plan is baselined
B28: The Originator column is deliberately empty. The LENGTH is settled -- exactly three characters, which the compliance check enforces -- but the register that ALLOCATES a code to each appointed party has not been issued, so no row can state one. Complete this column only once the register is issued. Nothing on this project is to be numbered before that point. Symbion’s own containers already carry SMB in their document references, and the Information Manager rows could be completed on that basis if the Lead Appointed Party confirms SMB is its allocated code rather than a worked example.
B32: Not yet issued through the Common Data Environment. Uncontrolled when printed.
B34: Sheets in this workbook
B35: Programme
B36: MIDP
B37: TIDP-Z
B38: TIDP-A
B39: TIDP-S
B40: TIDP-M
B41: TIDP-E
B42: TIDP-P
... B53: Lists

Sheet Programme
A1: < Cover
B2: Programme
B4: Appointment date (M0) | E4: ← the only date entered by hand. Everything else is calculated from it.
B6: Stage durations are the Appointing Party Work Program: Phase 2 totals 11 months and Phase 3 totals 38 months, 49 in all, read in sequence.
B9: Stage | C9: From | D9: To | E9: Starts | F9: Ends | G9: Months
B10: 2.1 Basis of Design (Deliverable A) | C10: M1 | D10: M1 | E10: =IF($C4="","",EDATE($C4,0)) | F10: =IF($C4="","",EOMONTH($C4,0)) | G10: 1
B11: 2.2 Developed Design (Deliverable B) | C11: M2 | D11: M4 | E11: =IF($C4="","",EDATE($C4,1)) | F11: =IF($C4="","",EOMONTH($C4,3)) | G11: 3
B12: 2.3 Technical Design (Deliverable C) | C12: M5 | D12: M8 | E12: =IF($C4="","",EDATE($C4,4)) | F12: =IF($C4="","",EOMONTH($C4,7)) | G12: 4
B13: 2.4 Tender action, negotiation and award | C13: M9 | D13: M11 | E13: =IF($C4="","",EDATE($C4,8)) | F13: =IF($C4="","",EOMONTH($C4,10)) | G13: 3
B14: 2.5 Conformed set | C14: M11 | D14: M11 | E14: =IF($C4="","",EDATE($C4,10)) | F14: =IF($C4="","",EOMONTH($C4,10)) | G14: 0
B15: 3.1 Construction administration | C15: M12 | D15: M43 | E15: =IF($C4="","",EDATE($C4,11)) | F15: =IF($C4="","",EOMONTH($C4,42)) | G15: 32
B16: 3.2 FF&E installation | C16: M44 | D16: M47 | E16: =IF($C4="","",EDATE($C4,43)) | F16: =IF($C4="","",EOMONTH($C4,46)) | G16: 4
B17: 3.3 Close-out (Deliverable D) | C17: M48 | D17: M49 | E17: =IF($C4="","",EDATE($C4,47)) | F17: =IF($C4="","",EOMONTH($C4,48)) | G17: 2
B18: Total | G18: 49
B20: Calendar dates are indicative until the appointment date is entered and the plan is rebaselined. A stage runs to the end of its final month, so a stage ending M8 ends on the last day of the eighth month after appointment.

Sheet MIDP
A1: Ref | B1: Discipline | C1: Originator | D1: Volume | E1: Deliverable | F1: Type | G1: Type code | H1: Stage | I1: LOD | J1: Format | K1: Suitability | L1: CDE State | M1: Month from | N1: Month to | O1: Planned date | P1: Actual date | Q1: Variance (days) | R1: Responsible | S1: TIDP ref | T1: Critical | U1: As-built | V1: O&M | W1: RAG | X1: Notes
A2: Z-000 | B2: Information Management | D2: ZZ | E2: BIM Execution Plan | F2: Document | G2: RP | H2: Mobilisation | I2: n/a | J2: DOCX/PDF | K2: A1 | L2: Published | M2: 0 | N2: 0 | O2: =IF(Programme!$C$4="","",EOMONTH(Programme!$C$4,0)) | Q2: =IF(AND(O2<>"",P2<>""),P2-O2,"") | R2: Information Manager | S2: TIDP-Z | T2: N | U2: N | V2: N | X2: Baselined at mobilisation; reissued per stage
A3: Z-001 | B3: Information Management | D3: ZZ | E3: Master Information Delivery Plan | F3: Schedule | G3: SH | H3: Mobilisation | I3: n/a | J3: XLSX | K3: A1 | L3: Published | M3: 0 | N3: 0 | O3: =IF(Programme!$C$4="","",EOMONTH(Programme!$C$4,0)) | Q3: =IF(AND(O3<>"",P3<>""),P3-O3,"") | R3: Information Manager | S3: TIDP-Z | T3: N | U3: N | V3: N | X3: Aggregated from all TIDPs; monthly and per drop
A4: Z-002 | B4: Information Management | D4: ZZ | E4: Project Delivery Playbook | F4: Document | G4: RP | H4: Mobilisation | I4: n/a | J4: DOCX/PDF | K4: A1 | L4: Published | M4: 0 | N4: 0 | O4: =IF(Programme!$C$4="","",EOMONTH(Programme!$C$4,0)) | Q4: =IF(AND(O4<>"",P4<>""),P4-O4,"") | R4: Information Manager | S4: TIDP-Z | T4: N | U4: N | V4: N | X4: Reference RP-Z-0002
A5: Z-003 | B5: Information Management | D5: ZZ | E5: Responsibility matrix (RACI) | F5: Schedule | G5: SH | H5: Mobilisation | I5: n/a | J5: XLSX | K5: A1 | L5: Published | M5: 0 | N5: 0 | O5: =IF(Programme!$C$4="","",EOMONTH(Programme!$C$4,0)) | Q5: =IF(AND(O5<>"",P5<>""),P5-O5,"") | R5: Information Manager | S5: TIDP-Z | T5: N | U5: N | V5: N | X5: Reference SH-Z-0002
A6: Z-004 | B6: Information Management | D6: ZZ | E6: Project template, family library and title blocks | F6: Model | G6: M3 | H6: Mobilisation | I6: n/a | J6: RVT/RFA | K6: A1 | L6: Published | M6: 0 | N6: 0 | O6: =IF(Programme!$C$4="","",EOMONTH(Programme!$C$4,0)) | Q6: =IF(AND(O6<>"",P6<>""),P6-O6,"") | R6: Information Manager | S6: TIDP-Z | T6: Y | U6: N | V6: N | X6: Coordinates, levels, grids, worksets, shared parameters bound
A7: Z-005 | B7: Information Management | D7: ZZ | E7: Originator code register | F7: Schedule | G7: SH | H7: Mobilisation | I7: n/a | J7: XLSX | K7: A1 | L7: Published | M7: 0 | N7: 0 | O7: =IF(Programme!$C$4="","",EOMONTH(Programme!$C$4,0)) | Q7: =IF(AND(O7<>"",P7<>""),P7-O7,"") | R7: Lead Appointed Party | S7: TIDP-Z | T7: Y | U7: N | V7: N | X7: Required before any container is numbered; 3-character codes
A8: Z-006 | B8: All disciplines | D8: ZZ | E8: Task Information Delivery Plan (one per appointed party) | F8: Schedule | G8: SH | H8: Mobilisation | I8: n/a | J8: XLSX | K8: S3 | L8: Shared | M8: 0 | N8: 0 | O8: =IF(Programme!$C$4="","",EOMONTH(Programme!$C$4,0)) | Q8: =IF(AND(O8<>"",P8<>""),P8-O8,"") | R8: Task Team Managers | S8: TIDP-ALL | T8: N | U8: N | V8: N | X8: Returned to the Information Manager; merged into this MIDP
A9: Z-007 | B9: Information Management | D9: ZZ | E9: Standards reconciliation schedule (BEP 4.1.3) | F9: Schedule | G9: SH | H9: Mobilisation | I9: n/a | J9: XLSX/PDF | K9: S3 | L9: Shared | M9: 0 | N9: 8 | O9: =IF(Programme!$C$4="","",EOMONTH(Programme!$C$4,8)) | Q9: =IF(AND(O9<>"",P9<>""),P9-O9,"") | R9: All disciplines | S9: TIDP-Z | T9: Y | U9: N | V9: N | X9: Opened at mobilisation; closed before Stage 2.3
A10: Z-008 | B10: Information Management | D10: ZZ | E10: Shared coordinates seed model | F10: Model | G10: M3 | H10: Mobilisation | I10: n/a | J10: RVT | K10: A1 | L10: Published | M10: 0 | N10: 0 | O10: =IF(Programme!$C$4="","",EOMONTH(Programme!$C$4,0)) | Q10: =IF(AND(O10<>"",P10<>""),P10-O10,"") | R10: Information Manager | S10: TIDP-Z | T10: Y | U10: N | V10: N | X10: Survey point, project base point, true north, levels and grids
A11: Z-009 | B11: Information Management | D11: ZZ | E11: Level and grid register | F11: Schedule | G11: SH | H11: Mobilisation | I11: n/a | J11: XLSX/PDF | K11: A1 | L11: Published | M11: 0 | N11: 0 | O11: =IF(Programme!$C$4="","",EOMONTH(Programme!$C$4,0)) | Q11: =IF(AND(O11<>"",P11<>""),P11-O11,"") | R11: Lead Appointed Party | S11: TIDP-Z | T11: Y | U11: N | V11: N | X11: Reference SH-Z-0003
A12: Z-011 | B12: Information Management | D12: ZZ | E12: Software and version register | F12: Schedule | G12: SH | H12: Mobilisation | I12: n/a | J12: XLSX | K12: A1 | L12: Published | M12: 0 | N12: 0 | O12: =IF(Programme!$C$4="","",EOMONTH(Programme!$C$4,0)) | Q12: =IF(AND(O12<>"",P12<>""),P12-O12,"") | R12: All parties | S12: TIDP-Z | T12: N | U12: N | V12: N | X12: Revit 2025 locked project-wide
A13: Z-012 | B13: Information Management | D13: ZZ | E13: CDE folder structure and permission matrix | F13: Document | G13: RP | H13: Mobilisation | I13: n/a | J13: PDF | K13: A1 | L13: Published | M13: 0 | N13: 0 | O13: =IF(Programme!$C$4="","",EOMONTH(Programme!$C$4,0)) | Q13: =IF(AND(O13<>"",P13<>""),P13-O13,"") | R13: Information Manager | S13: TIDP-Z | T13: N | U13: N | V13: N | X13: ACC provisioned; seats confirmed for every party (E-01)
A14: Z-013 | B14: Information Management | D14: ZZ | E14: Information classification and access schedule | F14: Document | G14: RP | H14: Mobilisation | I14: n/a | J14: PDF | K14: A1 | L14: Published | M14: 0 | N14: 0 | O14: =IF(Programme!$C$4="","",EOMONTH(Programme!$C$4,0)) | Q14: =IF(AND(O14<>"",P14<>""),P14-O14,"") | R14: Appointing Party | S14: TIDP-Z | T14: Y | U14: N | V14: N | X14: Restricted spaces and systems classified before modelling begins
A15: Z-014 | B15: Information Management | D15: ZZ | E15: Clash matrix and tolerance schedule | F15: Document | G15: RP | H15: Mobilisation | I15: n/a | J15: PDF | K15: S3 | L15: Shared | M15: 1 | N15: 1 | O15: =IF(Programme!$C$4="","",EOMONTH(Programme!$C$4,1)) | Q15: =IF(AND(O15<>"",P15<>""),P15-O15,"") | R15: MEP and structural leads | S15: TIDP-Z | T15: Y | U15: N | V15: N | X15: Required before the first coordination cycle of Stage 2.2
A16: Z-015 | B16: Information Management | D16: ZZ | E16: IFC export configuration | F16: Document | G16: RP | H16: Mobilisation | I16: n/a | J16: PDF/JSON | K16: A1 | L16: Published | M16: 0 | N16: 0 | O16: =IF(Programme!$C$4="","",EOMONTH(Programme!$C$4,0)) | Q16: =IF(AND(O16<>"",P16<>""),P16-O16,"") | R16: Information Manager | S16: TIDP-Z | T16: N | U16: N | V16: N | X16: Issued centrally
A17: Z-016 | B17: Information Management | D17: ZZ | E17: Shared parameter file | F17: Document | G17: RP | H17: Mobilisation | I17: n/a | J17: TXT | K17: A1 | L17: Published | M17: 0 | N17: 0 | O17: =IF(Programme!$C$4="","",EOMONTH(Programme!$C$4,0)) | Q17: =IF(AND(O17<>"",P17<>""),P17-O17,"") | R17: Information Manager | S17: TIDP-Z | T17: Y | U17: N | V17: N | X17: Central ownership
A18: Z-017 | B18: Information Management | D18: ZZ | E18: Capability and capacity assessment | F18: Report | G18: RP | H18: Mobilisation | I18: n/a | J18: XLSX | K18: S3 | L18: Shared | M18: 1 | N18: 1 | O18: =IF(Programme!$C$4="","",EOMONTH(Programme!$C$4,1)) | Q18: =IF(AND(O18<>"",P18<>""),P18-O18,"") | R18: Lead Appointed Party | S18: TIDP-Z | T18: N | U18: N | V18: N | X18: ISO 19650-2; the Stage 0 test model is its practical form
A19: Z-018 | B19: Information Management | D19: ZZ | E19: Standards localisation note (Owner standards to Ugandan practice) | F19: Document | G19: RP | H19: Mobilisation | I19: n/a | J19: DOCX/PDF | K19: S3 | L19: Shared | M19: 0 | N19: 1 | O19: =IF(Programme!$C$4="","",EOMONTH(Programme!$C$4,1)) | Q19: =IF(AND(O19<>"",P19<>""),P19-O19,"") | R19: Information Manager | S19: TIDP-Z | T19: N | U19: N | V19: N | X19: Reference RP-Z-0005; weeks 2–3 after the Owner standards are received
A20: Z-019 | B20: Information Management | D20: ZZ | E20: Stage 0 gate record (test model shared by every appointed party) | F20: Report | G20: RP | H20: Mobilisation | I20: n/a | J20: PDF | K20: S3 | L20: Shared | M20: 1 | N20: 1 | O20: =IF(Programme!$C$4="","",EOMONTH(Programme!$C$4,1)) | Q20: =IF(AND(O20<>"",P20<>""),P20-O20,"") | R20: Information Manager | S20: TIDP-Z | T20: Y | U20: N | V20: N | X20: No discipline enters the fortnightly cycle before this
A21: Z-020 | B21: Information Management | D21: ZZ | E21: Monthly BIM status report (design stage) | F21: Report | G21: RP | H21: Mobilisation | I21: n/a | J21: PDF | K21: S2 | L21: Shared | M21: 1 | N21: 11 | O21: =IF(Programme!$C$4="","",EOMONTH(Programme!$C$4,11)) | Q21: =IF(AND(O21<>"",P21<>""),P21-O21,"") | R21: Information Manager | S21: TIDP-Z | T21: N | U21: N | V21: N | X21: KPIs per BEP 10.5
A22: Z-021 | B22: Information Management | D22: ZZ | E22: Kickoff induction record and BEP acknowledgement | F22: Document | G22: RP | H22: Mobilisation | I22: n/a | J22: PDF | K22: A1 | L22: Published | M22: 0 | N22: 1 | O22: =IF(Programme!$C$4="","",EOMONTH(Programme!$C$4,1)) | Q22: =IF(AND(O22<>"",P22<>""),P22-O22,"") | R22: Information Manager | S22: TIDP-Z | T22: N | U22: N | V22: N | X22: Attendance and signed acknowledgement from every task team
A23: Z-022 | B23: Information Management | D23: ZZ | E23: Document Control Standard (reissued to P02 codes) | F23: Document | G23: RP | H23: Mobilisation | I23: n/a | J23: DOCX/PDF | K23: A1 | L23: Published | M23: 0 | N23: 0 | O23: =IF(Programme!$C$4="","",EOMONTH(Programme!$C$4,0)) | Q23: =IF(AND(O23<>"",P23<>""),P23-O23,"") | R23: Information Manager | S23: TIDP-Z | T23: N | U23: N | V23: N | X23: KUT-SMB-ZZ-ZZ-RP-Z-0003. Container naming, sheet number bands, revision, authorisation, transmittal, superseded/cancelled/replaced notices, number retirement
A24: Z-024 | B24: Information Management | D24: ZZ | E24: Drawing register, transmittal and notice templates | F24: Document | G24: IE | H24: Mobilisation | I24: n/a | J24: XLSX/DOCX | K24: A1 | L24: Published | M24: 0 | N24: 0 | O24: =IF(Programme!$C$4="","",EOMONTH(Programme!$C$4,0)) | Q24: =IF(AND(O24<>"",P24<>""),P24-O24,"") | R24: Information Manager | S24: TIDP-Z | T24: N | U24: N | V24: N
A25: Z-010 | B25: Information Management | D25: ZZ | E25: Federated coordination model | F25: Model | G25: M3 | H25: 2.1 Deliverable A | I25: 200 | J25: NWC/NWD/IFC | K25: S1 | L25: Shared | M25: 1 | N25: 1 | O25: =IF(Programme!$C$4="","",EOMONTH(Programme!$C$4,1)) | Q25: =IF(AND(O25<>"",P25<>""),P25-O25,"") | R25: Information Manager | S25: TIDP-Z | T25: Y | U25: Y | V25: N | X25: First federation; container M3-Z-0001
A26: A-100 | B26: Architecture | D26: ZZ | E26: Architectural model | F26: Model | G26: M3 | H26: 2.1 Deliverable A | I26: 200 | J26: RVT/IFC | K26: S2 | L26: Shared | M26: 1 | N26: 1 | O26: =IF(Programme!$C$4="","",EOMONTH(Programme!$C$4,1)) | Q26: =IF(AND(O26<>"",P26<>""),P26-O26,"") | R26: Architecture lead | S26: TIDP-A | T26: Y | U26: Y | V26: N | X26: Massing and generic systems; rooms placed
A27: A-101 | B27: Architecture | D27: ZZ | E27: Deliverable A drawing set | F27: Drawing | G27: DR | H27: 2.1 Deliverable A | I27: 200 | J27: PDF/DWG | K27: S3 | L27: Shared | M27: 1 | N27: 1 | O27: =IF(Programme!$C$4="","",EOMONTH(Programme!$C$4,1)) | Q27: =IF(AND(O27<>"",P27<>""),P27-O27,"") | R27: Architecture lead | S27: TIDP-A | T27: N | U27: N | V27: N
A28: S-100 | B28: Structure | D28: ZZ | E28: Structural model | F28: Model | G28: M3 | H28: 2.1 Deliverable A | I28: 200 | J28: RVT/IFC | K28: S2 | L28: Shared | M28: 1 | N28: 1 | O28: =IF(Programme!$C$4="","",EOMONTH(Programme!$C$4,1)) | Q28: =IF(AND(O28<>"",P28<>""),P28-O28,"") | R28: Structural lead | S28: TIDP-S | T28: Y | U28: Y | V28: N | X28: Indicative frame and foundations
A29: M-100 | B29: Mechanical | D29: ZZ | E29: Mechanical model | F29: Model | G29: M3 | H29: 2.1 Deliverable A | I29: 200 | J29: RVT/IFC | K29: S2 | L29: Shared | M29: 1 | N29: 1 | O29: =IF(Programme!$C$4="","",EOMONTH(Programme!$C$4,1)) | Q29: =IF(AND(O29<>"",P29<>""),P29-O29,"") | R29: MEP lead | S29: TIDP-M | T29: Y | U29: Y | V29: N | X29: Plant space allocation, primary routes
A30: E-100 | B30: Electrical | D30: ZZ | E30: Electrical model | F30: Model | G30: M3 | H30: 2.1 Deliverable A | I30: 200 | J30: RVT/IFC | K30: S2 | L30: Shared | M30: 1 | N30: 1 | O30: =IF(Programme!$C$4="","",EOMONTH(Programme!$C$4,1)) | Q30: =IF(AND(O30<>"",P30<>""),P30-O30,"") | R30: MEP lead | S30: TIDP-E | T30: Y | U30: Y | V30: N | X30: Generic equipment and main containment
A31: P-100 | B31: Public Health | D31: ZZ | E31: Plumbing and drainage model | F31: Model | G31: M3 | H31: 2.1 Deliverable A | I31: 200 | J31: RVT/IFC | K31: S2 | L31: Shared | M31: 1 | N31: 1 | O31: =IF(Programme!$C$4="","",EOMONTH(Programme!$C$4,1)) | Q31: =IF(AND(O31<>"",P31<>""),P31-O31,"") | R31: MEP lead | S31: TIDP-P | T31: Y | U31: Y | V31: N | X31: Primary routes; font systems indicated
A32: G-100 | B32: Civil and Site | D32: 00 | E32: Site model and levels | F32: Model | G32: M3 | H32: 2.1 Deliverable A | I32: 200 | J32: RVT/IFC | K32: S2 | L32: Shared | M32: 1 | N32: 1 | O32: =IF(Programme!$C$4="","",EOMONTH(Programme!$C$4,1)) | Q32: =IF(AND(O32<>"",P32<>""),P32-O32,"") | R32: Civil lead | S32: TIDP-C | T32: Y | U32: Y | V32: N | X32: Site levels, access, drainage strategy; scope to confirm
A33: Z-110 | B33: Information Management | D33: ZZ | E33: Basis of design report | F33: Document | G33: RP | H33: 2.1 Deliverable A | I33: 200 | J33: DOCX/PDF | K33: S3 | L33: Shared | M33: 1 | N33: 1 | O33: =IF(Programme!$C$4="","",EOMONTH(Programme!$C$4,1)) | Q33: =IF(AND(O33<>"",P33<>""),P33-O33,"") | R33: Lead Appointed Party | S33: TIDP-Z | T33: N | U33: N | V33: N | X33: Design intent
A34: Z-111 | B34: Information Management | D34: ZZ | E34: Area schedule reconciled to the brief | F34: Schedule | G34: SH | H34: 2.1 Deliverable A | I34: 200 | J34: XLSX/PDF | K34: S3 | L34: Shared | M34: 1 | N34: 1 | O34: =IF(Programme!$C$4="","",EOMONTH(Programme!$C$4,1)) | Q34: =IF(AND(O34<>"",P34<>""),P34-O34,"") | R34: Information Manager | S34: TIDP-Z | T34: N | U34: N | V34: N | X34: Gate condition
A35: Z-112 | B35: Information Management | D35: ZZ | E35: Deliverable A gate pack and compliance report | F35: Document | G35: RP | H35: 2.1 Deliverable A | I35: 200 | J35: PDF | K35: S4 | L35: Shared | M35: 1 | N35: 1 | O35: =IF(Programme!$C$4="","",EOMONTH(Programme!$C$4,1)) | Q35: =IF(AND(O35<>"",P35<>""),P35-O35,"") | R35: Information Manager | S35: TIDP-Z | T35: Y | U35: N | V35: N | X35: Contents per Playbook Appendix B
A36: Z-113 | B36: Information Management | D36: ZZ | E36: Deliverable A Owner review set and comment close-out report | F36: Document | G36: RP | H36: 2.1 Deliverable A | I36: 200 | J36: PDF | K36: S3 | L36: Shared | M36: 1 | N36: 2 | O36: =IF(Programme!$C$4="","",EOMONTH(Programme!$C$4,2)) | Q36: =IF(AND(O36<>"",P36<>""),P36-O36,"") | R36: Information Manager | S36: TIDP-Z | T36: Y | U36: N | V36: N | X36: Comments closed before the gate
A37: Z-114 | B37: Information Management | D37: ZZ | E37: Baseline model-health report | F37: Report | G37: RP | H37: 2.1 Deliverable A | I37: 200 | J37: PDF | K37: S2 | L37: Shared | M37: 1 | N37: 1 | O37: =IF(Programme!$C$4="","",EOMONTH(Programme!$C$4,1)) | Q37: =IF(AND(O37<>"",P37<>""),P37-O37,"") | R37: Information Manager | S37: TIDP-Z | T37: N | U37: N | V37: N
A38: A-200 | B38: Architecture | D38: ZZ | E38: Architectural model | F38: Model | G38: M3 | H38: 2.2 Deliverable B | I38: 300 | J38: RVT/IFC | K38: S2 | L38: Shared | M38: 2 | N38: 4 | O38: =IF(Programme!$C$4="","",EOMONTH(Programme!$C$4,4)) | Q38: =IF(AND(O38<>"",P38<>""),P38-O38,"") | R38: Architecture lead | S38: TIDP-A | T38: Y | U38: Y | V38: N | X38: Real geometry, correctly located; no placeholder families
A39: A-201 | B39: Architecture | D39: ZZ | E39: General arrangement plans, sections and elevations (50%) | F39: Drawing | G39: DR | H39: 2.2 Deliverable B | I39: 300 | J39: PDF/DWG | K39: S2 | L39: Shared | M39: 4 | N39: 4 | O39: =IF(Programme!$C$4="","",EOMONTH(Programme!$C$4,4)) | Q39: =IF(AND(O39<>"",P39<>""),P39-O39,"") | R39: Architecture lead | S39: TIDP-A | T39: N | U39: Y | V39: N
A40: A-202 | B40: Architecture | D40: ZZ | E40: Door and window schedules | F40: Schedule | G40: SH | H40: 2.2 Deliverable B | I40: 300 | J40: PDF/XLSX | K40: S2 | L40: Shared | M40: 4 | N40: 4 | O40: =IF(Programme!$C$4="","",EOMONTH(Programme!$C$4,4)) | Q40: =IF(AND(O40<>"",P40<>""),P40-O40,"") | R40: Architecture lead | S40: TIDP-A | T40: N | U40: N | V40: N
A41: A-203 | B41: Architecture | D41: ZZ | E41: Room data sheets (key spaces) | F41: Room data sheet | G41: RD | H41: 2.2 Deliverable B | I41: 300 | J41: PDF | K41: S2 | L41: Shared | M41: 4 | N41: 4 | O41: =IF(Programme!$C$4="","",EOMONTH(Programme!$C$4,4)) | Q41: =IF(AND(O41<>"",P41<>""),P41-O41,"") | R41: Architecture lead | S41: TIDP-A | T41: N | U41: N | V41: N | X41: Complete set at Deliverable C (A-302)
A42: A-204 | B42: Architecture | D42: ZZ | E42: Existing conditions and removals plan | F42: Drawing | G42: DR | H42: 2.2 Deliverable B | I42: 300 | J42: PDF/DWG | K42: S2 | L42: Shared | M42: 4 | N42: 4 | O42: =IF(Programme!$C$4="","",EOMONTH(Programme!$C$4,4)) | Q42: =IF(AND(O42<>"",P42<>""),P42-O42,"") | R42: Architecture lead | S42: TIDP-A | T42: N | U42: N | V42: N | X42: Demolition classification is a manual task; BEP 10.4
A43: S-200 | B43: Structure | D43: ZZ | E43: Structural model | F43: Model | G43: M3 | H43: 2.2 Deliverable B | I43: 300 | J43: RVT/IFC | K43: S2 | L43: Shared | M43: 2 | N43: 4 | O43: =IF(Programme!$C$4="","",EOMONTH(Programme!$C$4,4)) | Q43: =IF(AND(O43<>"",P43<>""),P43-O43,"") | R43: Structural lead | S43: TIDP-S | T43: Y | U43: Y | V43: N | X43: Sized members; penetrations coordinated
A44: S-201 | B44: Structure | D44: ZZ | E44: General arrangement drawings (50%) | F44: Drawing | G44: DR | H44: 2.2 Deliverable B | I44: 300 | J44: PDF/DWG | K44: S2 | L44: Shared | M44: 4 | N44: 4 | O44: =IF(Programme!$C$4="","",EOMONTH(Programme!$C$4,4)) | Q44: =IF(AND(O44<>"",P44<>""),P44-O44,"") | R44: Structural lead | S44: TIDP-S | T44: N | U44: Y | V44: N
A45: M-200 | B45: Mechanical | D45: ZZ | E45: Mechanical model | F45: Model | G45: M3 | H45: 2.2 Deliverable B | I45: 300 | J45: RVT/IFC | K45: S2 | L45: Shared | M45: 2 | N45: 4 | O45: =IF(Programme!$C$4="","",EOMONTH(Programme!$C$4,4)) | Q45: =IF(AND(O45<>"",P45<>""),P45-O45,"") | R45: MEP lead | S45: TIDP-M | T45: Y | U45: Y | V45: N | X45: Real equipment; risers fixed
A46: M-201 | B46: Mechanical | D46: ZZ | E46: HVAC layouts (50%) | F46: Drawing | G46: DR | H46: 2.2 Deliverable B | I46: 300 | J46: PDF/DWG | K46: S2 | L46: Shared | M46: 4 | N46: 4 | O46: =IF(Programme!$C$4="","",EOMONTH(Programme!$C$4,4)) | Q46: =IF(AND(O46<>"",P46<>""),P46-O46,"") | R46: MEP lead | S46: TIDP-M | T46: N | U46: Y | V46: N
A47: E-200 | B47: Electrical | D47: ZZ | E47: Electrical model | F47: Model | G47: M3 | H47: 2.2 Deliverable B | I47: 300 | J47: RVT/IFC | K47: S2 | L47: Shared | M47: 2 | N47: 4 | O47: =IF(Programme!$C$4="","",EOMONTH(Programme!$C$4,4)) | Q47: =IF(AND(O47<>"",P47<>""),P47-O47,"") | R47: MEP lead | S47: TIDP-E | T47: Y | U47: Y | V47: N | X47: Power, lighting and containment routed; boards placed
A48: E-201 | B48: Electrical | D48: ZZ | E48: Power and lighting layouts (50%) | F48: Drawing | G48: DR | H48: 2.2 Deliverable B | I48: 300 | J48: PDF/DWG | K48: S2 | L48: Shared | M48: 4 | N48: 4 | O48: =IF(Programme!$C$4="","",EOMONTH(Programme!$C$4,4)) | Q48: =IF(AND(O48<>"",P48<>""),P48-O48,"") | R48: MEP lead | S48: TIDP-E | T48: N | U48: Y | V48: N | X48: Lighting layouts under role E (G-03)
A49: P-200 | B49: Public Health | D49: ZZ | E49: Plumbing and drainage model | F49: Model | G49: M3 | H49: 2.2 Deliverable B | I49: 300 | J49: RVT/IFC | K49: S2 | L49: Shared | M49: 2 | N49: 4 | O49: =IF(Programme!$C$4="","",EOMONTH(Programme!$C$4,4)) | Q49: =IF(AND(O49<>"",P49<>""),P49-O49,"") | R49: MEP lead | S49: TIDP-P | T49: Y | U49: Y | V49: N | X49: Real pipework with code falls; fixtures placed
A50: P-201 | B50: Public Health | D50: ZZ | E50: Plumbing and drainage layouts (50%) | F50: Drawing | G50: DR | H50: 2.2 Deliverable B | I50: 300 | J50: PDF/DWG | K50: S2 | L50: Shared | M50: 4 | N50: 4 | O50: =IF(Programme!$C$4="","",EOMONTH(Programme!$C$4,4)) | Q50: =IF(AND(O50<>"",P50<>""),P50-O50,"") | R50: MEP lead | S50: TIDP-P | T50: N | U50: Y | V50: N
A51: FP-200 | B51: Fire Protection | D51: ZZ | E51: Fire strategy and suppression layout | F51: Model/Document | G51: M3 | H51: 2.2 Deliverable B | I51: 300 | J51: RVT/PDF | K51: S2 | L51: Shared | M51: 2 | N51: 4 | O51: =IF(Programme!$C$4="","",EOMONTH(Programme!$C$4,4)) | Q51: =IF(AND(O51<>"",P51<>""),P51-O51,"") | R51: Fire lead | S51: TIDP-Y-FP | T51: Y | U51: Y | V51: N | X51: Sprinkler and detection layout
A52: LV-200 | B52: Low Voltage | D52: ZZ | E52: Low voltage containment and equipment rooms | F52: Model | G52: M3 | H52: 2.2 Deliverable B | I52: 300 | J52: RVT/IFC | K52: S2 | L52: Shared | M52: 2 | N52: 4 | O52: =IF(Programme!$C$4="","",EOMONTH(Programme!$C$4,4)) | Q52: =IF(AND(O52<>"",P52<>""),P52-O52,"") | R52: LV lead | S52: TIDP-Y-LV | T52: Y | U52: Y | V52: N
A53: G-200 | B53: Civil and Site | D53: 00 | E53: Site model | F53: Model | G53: M3 | H53: 2.2 Deliverable B | I53: 300 | J53: RVT/IFC | K53: S2 | L53: Shared | M53: 2 | N53: 4 | O53: =IF(Programme!$C$4="","",EOMONTH(Programme!$C$4,4)) | Q53: =IF(AND(O53<>"",P53<>""),P53-O53,"") | R53: Civil lead | S53: TIDP-C | T53: Y | U53: Y | V53: N | X53: Real site model; drainage and access
A54: G-201 | B54: Civil and Site | D54: 00 | E54: Site and drainage drawings (50%) | F54: Drawing | G54: DR | H54: 2.2 Deliverable B | I54: 300 | J54: PDF/DWG | K54: S2 | L54: Shared | M54: 4 | N54: 4 | O54: =IF(Programme!$C$4="","",EOMONTH(Programme!$C$4,4)) | Q54: =IF(AND(O54<>"",P54<>""),P54-O54,"") | R54: Civil lead | S54: TIDP-C | T54: N | U54: Y | V54: N
A55: Z-210 | B55: Information Management | D55: ZZ | E55: Coordination reports (fortnightly) and Deliverable B clash close-out | F55: Report | G55: CR | H55: 2.2 Deliverable B | I55: 300 | J55: PDF/BCF | K55: S2 | L55: Shared | M55: 2 | N55: 4 | O55: =IF(Programme!$C$4="","",EOMONTH(Programme!$C$4,4)) | Q55: =IF(AND(O55<>"",P55<>""),P55-O55,"") | R55: Information Manager | S55: TIDP-Z | T55: N | U55: N | V55: N | X55: No unresolved high-priority clashes at the gate
A56: Z-211 | B56: Information Management | D56: ZZ | E56: Federated model | F56: Model | G56: M3 | H56: 2.2 Deliverable B | I56: 300 | J56: NWC/NWD/IFC | K56: S2 | L56: Shared | M56: 4 | N56: 4 | O56: =IF(Programme!$C$4="","",EOMONTH(Programme!$C$4,4)) | Q56: =IF(AND(O56<>"",P56<>""),P56-O56,"") | R56: Information Manager | S56: TIDP-Z | T56: Y | U56: Y | V56: N | X56: Milestone NWD archived
A57: Z-212 | B57: QS / Cost | D57: ZZ | E57: Bill of quantities (preliminary) | F57: Schedule | G57: CP | H57: 2.2 Deliverable B | I57: 300 | J57: XLSX | K57: S2 | L57: Shared | M57: 4 | N57: 4 | O57: =IF(Programme!$C$4="","",EOMONTH(Programme!$C$4,4)) | Q57: =IF(AND(O57<>"",P57<>""),P57-O57,"") | R57: Quantity Surveyor | S57: TIDP-Q | T57: Y | U57: N | V57: Y | X57: Derived from the coordinated models by the QS
A58: FF-200 | B58: FF&E | D58: ZZ | E58: FF&E and finishes register (first Fohlio exchange) | F58: Schedule | G58: SH | H58: 2.2 Deliverable B | I58: 300 | J58: CSV/XLSX | K58: S2 | L58: Shared | M58: 4 | N58: 4 | O58: =IF(Programme!$C$4="","",EOMONTH(Programme!$C$4,4)) | Q58: =IF(AND(O58<>"",P58<>""),P58-O58,"") | R58: Interior Designer | S58: TIDP-I | T58: N | U58: N | V58: Y | X58: Matched on room number
A59: Z-213 | B59: Information Management | D59: ZZ | E59: Deliverable B gate pack, LOD 300 verification and compliance report | F59: Document | G59: RP | H59: 2.2 Deliverable B | I59: 300 | J59: PDF | K59: S4 | L59: Shared | M59: 4 | N59: 4 | O59: =IF(Programme!$C$4="","",EOMONTH(Programme!$C$4,4)) | Q59: =IF(AND(O59<>"",P59<>""),P59-O59,"") | R59: Information Manager | S59: TIDP-Z | T59: Y | U59: N | V59: N
A60: Z-214 | B60: Information Management | D60: ZZ | E60: Deliverable B Owner review set and comment close-out report | F60: Document | G60: RP | H60: 2.2 Deliverable B | I60: 300 | J60: PDF | K60: S3 | L60: Shared | M60: 4 | N60: 5 | O60: =IF(Programme!$C$4="","",EOMONTH(Programme!$C$4,5)) | Q60: =IF(AND(O60<>"",P60<>""),P60-O60,"") | R60: Information Manager | S60: TIDP-Z | T60: Y | U60: N | V60: N
A61: A-300 | B61: Architecture | D61: ZZ | E61: Architectural model | F61: Model | G61: M3 | H61: 2.3 Deliverable C | I61: 350 | J61: RVT/IFC | K61: S4 | L61: Shared | M61: 5 | N61: 8 | O61: =IF(Programme!$C$4="","",EOMONTH(Programme!$C$4,8)) | Q61: =IF(AND(O61<>"",P61<>""),P61-O61,"") | R61: Architecture lead | S61: TIDP-A | T61: Y | U61: Y | V61: N | X61: Interfaces resolved
A62: A-301 | B62: Architecture | D62: ZZ | E62: Full drawing set (100%) and details | F62: Drawing | G62: DR | H62: 2.3 Deliverable C | I62: 350 | J62: PDF/DWG | K62: S4 | L62: Shared | M62: 8 | N62: 8 | O62: =IF(Programme!$C$4="","",EOMONTH(Programme!$C$4,8)) | Q62: =IF(AND(O62<>"",P62<>""),P62-O62,"") | R62: Architecture lead | S62: TIDP-A | T62: Y | U62: Y | V62: N
A63: A-302 | B63: Architecture | D63: ZZ | E63: Room data sheets (complete) | F63: Room data sheet | G63: RD | H63: 2.3 Deliverable C | I63: 350 | J63: PDF | K63: S4 | L63: Shared | M63: 8 | N63: 8 | O63: =IF(Programme!$C$4="","",EOMONTH(Programme!$C$4,8)) | Q63: =IF(AND(O63<>"",P63<>""),P63-O63,"") | R63: Architecture lead | S63: TIDP-A | T63: N | U63: N | V63: N | X63: Generated from the reconciled Fohlio data
A64: S-300 | B64: Structure | D64: ZZ | E64: Structural model | F64: Model | G64: M3 | H64: 2.3 Deliverable C | I64: 350 | J64: RVT/IFC | K64: S4 | L64: Shared | M64: 5 | N64: 8 | O64: =IF(Programme!$C$4="","",EOMONTH(Programme!$C$4,8)) | Q64: =IF(AND(O64<>"",P64<>""),P64-O64,"") | R64: Structural lead | S64: TIDP-S | T64: Y | U64: Y | V64: N | X64: Connections resolved
A65: S-301 | B65: Structure | D65: ZZ | E65: Structural drawing set (100%) | F65: Drawing | G65: DR | H65: 2.3 Deliverable C | I65: 350 | J65: PDF/DWG | K65: S4 | L65: Shared | M65: 8 | N65: 8 | O65: =IF(Programme!$C$4="","",EOMONTH(Programme!$C$4,8)) | Q65: =IF(AND(O65<>"",P65<>""),P65-O65,"") | R65: Structural lead | S65: TIDP-S | T65: Y | U65: Y | V65: N
A66: M-300 | B66: Mechanical | D66: ZZ | E66: Mechanical model | F66: Model | G66: M3 | H66: 2.3 Deliverable C | I66: 350 | J66: RVT/IFC | K66: S4 | L66: Shared | M66: 5 | N66: 8 | O66: =IF(Programme!$C$4="","",EOMONTH(Programme!$C$4,8)) | Q66: =IF(AND(O66<>"",P66<>""),P66-O66,"") | R66: MEP lead | S66: TIDP-M | T66: Y | U66: Y | V66: N | X66: Systems complete and connected; equipment data
A67: M-301 | B67: Mechanical | D67: ZZ | E67: HVAC drawing set (100%) | F67: Drawing | G67: DR | H67: 2.3 Deliverable C | I67: 350 | J67: PDF/DWG | K67: S4 | L67: Shared | M67: 8 | N67: 8 | O67: =IF(Programme!$C$4="","",EOMONTH(Programme!$C$4,8)) | Q67: =IF(AND(O67<>"",P67<>""),P67-O67,"") | R67: MEP lead | S67: TIDP-M | T67: Y | U67: Y | V67: N
A68: M-302 | B68: Mechanical | D68: ZZ | E68: HVAC load and sizing schedules | F68: Schedule | G68: SH | H68: 2.3 Deliverable C | I68: 350 | J68: PDF/XLSX | K68: S4 | L68: Shared | M68: 8 | N68: 8 | O68: =IF(Programme!$C$4="","",EOMONTH(Programme!$C$4,8)) | Q68: =IF(AND(O68<>"",P68<>""),P68-O68,"") | R68: MEP lead | S68: TIDP-M | T68: Y | U68: N | V68: N
A69: M-303 | B69: Mechanical | D69: ZZ | E69: BMS point-naming convention and point data on serviceable elements | F69: Schedule | G69: SH | H69: 2.3 Deliverable C | I69: 350 | J69: XLSX | K69: S3 | L69: Shared | M69: 8 | N69: 8 | O69: =IF(Programme!$C$4="","",EOMONTH(Programme!$C$4,8)) | Q69: =IF(AND(O69<>"",P69<>""),P69-O69,"") | R69: MEP lead | S69: TIDP-M | T69: N | U69: N | V69: N | X69: Agreed with the controls contractor
A70: E-300 | B70: Electrical | D70: ZZ | E70: Electrical model and drawing set (100%) | F70: Model/Drawing | G70: M3 | H70: 2.3 Deliverable C | I70: 350 | J70: RVT/PDF | K70: S4 | L70: Shared | M70: 5 | N70: 8 | O70: =IF(Programme!$C$4="","",EOMONTH(Programme!$C$4,8)) | Q70: =IF(AND(O70<>"",P70<>""),P70-O70,"") | R70: MEP lead | S70: TIDP-E | T70: Y | U70: Y | V70: N
A71: E-301 | B71: Electrical | D71: ZZ | E71: Panel schedules and single-line diagrams | F71: Schedule/Drawing | G71: DR | H71: 2.3 Deliverable C | I71: 350 | J71: PDF/XLSX | K71: S4 | L71: Shared | M71: 8 | N71: 8 | O71: =IF(Programme!$C$4="","",EOMONTH(Programme!$C$4,8)) | Q71: =IF(AND(O71<>"",P71<>""),P71-O71,"") | R71: MEP lead | S71: TIDP-E | T71: Y | U71: Y | V71: N | X71: Sheets in the 6xxx and 7xxx bands
A72: P-300 | B72: Public Health | D72: ZZ | E72: Plumbing model and drawing set (100%) | F72: Model/Drawing | G72: M3 | H72: 2.3 Deliverable C | I72: 350 | J72: RVT/PDF | K72: S4 | L72: Shared | M72: 5 | N72: 8 | O72: =IF(Programme!$C$4="","",EOMONTH(Programme!$C$4,8)) | Q72: =IF(AND(O72<>"",P72<>""),P72-O72,"") | R72: MEP lead | S72: TIDP-P | T72: Y | U72: Y | V72: N
A73: FP-300 | B73: Fire Protection | D73: ZZ | E73: Fire strategy and model (100%) | F73: Model/Document | G73: M3 | H73: 2.3 Deliverable C | I73: 350 | J73: RVT/PDF | K73: S4 | L73: Shared | M73: 5 | N73: 8 | O73: =IF(Programme!$C$4="","",EOMONTH(Programme!$C$4,8)) | Q73: =IF(AND(O73<>"",P73<>""),P73-O73,"") | R73: Fire lead | S73: TIDP-Y-FP | T73: Y | U73: Y | V73: N | X73: Transition to the design-build contractor agreed
A74: LV-300 | B74: Low Voltage | D74: ZZ | E74: Communications and security model and drawings | F74: Model/Drawing | G74: M3 | H74: 2.3 Deliverable C | I74: 350 | J74: RVT/PDF | K74: S4 | L74: Shared | M74: 5 | N74: 8 | O74: =IF(Programme!$C$4="","",EOMONTH(Programme!$C$4,8)) | Q74: =IF(AND(O74<>"",P74<>""),P74-O74,"") | R74: LV lead | S74: TIDP-Y-LV | T74: Y | U74: Y | V74: N | X74: Restricted-information handling per BEP 8.1
A75: G-300 | B75: Civil and Site | D75: 00 | E75: Civil and site model and drawings (100%) | F75: Model/Drawing | G75: M3 | H75: 2.3 Deliverable C | I75: 350 | J75: RVT/PDF | K75: S4 | L75: Shared | M75: 5 | N75: 8 | O75: =IF(Programme!$C$4="","",EOMONTH(Programme!$C$4,8)) | Q75: =IF(AND(O75<>"",P75<>""),P75-O75,"") | R75: Civil lead | S75: TIDP-C | T75: Y | U75: Y | V75: N
A76: Z-310 | B76: QS / Cost | D76: ZZ | E76: Bill of quantities (tender) | F76: Schedule | G76: CP | H76: 2.3 Deliverable C | I76: 350 | J76: XLSX | K76: S4 | L76: Shared | M76: 8 | N76: 8 | O76: =IF(Programme!$C$4="","",EOMONTH(Programme!$C$4,8)) | Q76: =IF(AND(O76<>"",P76<>""),P76-O76,"") | R76: Quantity Surveyor | S76: TIDP-Q | T76: Y | U76: N | V76: Y
A77: Z-311 | B77: All disciplines | D77: ZZ | E77: Specifications (RIB SpecLink, CSI MasterFormat) | F77: Specification | G77: SP | H77: 2.3 Deliverable C | I77: 350 | J77: PDF | K77: S4 | L77: Shared | M77: 8 | N77: 8 | O77: =IF(Programme!$C$4="","",EOMONTH(Programme!$C$4,8)) | Q77: =IF(AND(O77<>"",P77<>""),P77-O77,"") | R77: Task Team Managers | S77: TIDP-ALL | T77: Y | U77: N | V77: Y | X77: Issued sets archived with the milestone
A78: Z-312 | B78: Information Management | D78: ZZ | E78: Specification reconciliation report (model vs SpecLink) | F78: Report | G78: RP | H78: 2.3 Deliverable C | I78: 350 | J78: XLSX/PDF | K78: S4 | L78: Shared | M78: 8 | N78: 8 | O78: =IF(Programme!$C$4="","",EOMONTH(Programme!$C$4,8)) | Q78: =IF(AND(O78<>"",P78<>""),P78-O78,"") | R78: Information Manager | S78: TIDP-Z | T78: N | U78: N | V78: N | X78: Gaps closed or formally accepted
A79: FF-300 | B79: FF&E | D79: ZZ | E79: FF&E specifications and schedule | F79: Schedule | G79: SH | H79: 2.3 Deliverable C | I79: 350 | J79: XLSX/PDF | K79: S4 | L79: Shared | M79: 8 | N79: 8 | O79: =IF(Programme!$C$4="","",EOMONTH(Programme!$C$4,8)) | Q79: =IF(AND(O79<>"",P79<>""),P79-O79,"") | R79: Interior Designer | S79: TIDP-I | T79: Y | U79: N | V79: Y | X79: Reconciled to Fohlio
A80: Z-313 | B80: Information Management | D80: ZZ | E80: Deliverable C gate pack, LOD 350 verification and compliance report | F80: Document | G80: RP | H80: 2.3 Deliverable C | I80: 350 | J80: PDF | K80: S4 | L80: Shared | M80: 8 | N80: 8 | O80: =IF(Programme!$C$4="","",EOMONTH(Programme!$C$4,8)) | Q80: =IF(AND(O80<>"",P80<>""),P80-O80,"") | R80: Information Manager | S80: TIDP-Z | T80: Y | U80: N | V80: N | X80: Includes FF&E currency report
A81: Z-314 | B81: Information Management | D81: ZZ | E81: Deliverable C Owner review set and comment close-out report | F81: Document | G81: RP | H81: 2.3 Deliverable C | I81: 350 | J81: PDF | K81: S3 | L81: Shared | M81: 8 | N81: 9 | O81: =IF(Programme!$C$4="","",EOMONTH(Programme!$C$4,9)) | Q81: =IF(AND(O81<>"",P81<>""),P81-O81,"") | R81: Information Manager | S81: TIDP-Z | T81: Y | U81: N | V81: N
A82: Z-400 | B82: Information Management | D82: ZZ | E82: Tender documents | F82: Document | G82: RP | H82: 2.4 Tender | I82: n/a | J82: PDF | K82: A1 | L82: Published | M82: 9 | N82: 9 | O82: =IF(Programme!$C$4="","",EOMONTH(Programme!$C$4,9)) | Q82: =IF(AND(O82<>"",P82<>""),P82-O82,"") | R82: Lead Appointed Party | S82: TIDP-Z | T82: N | U82: N | V82: N | X82: Issued from the CDE at A1
A83: Z-401 | B83: Information Management | D83: ZZ | E83: Tender query and addendum log | F83: Report | G83: RP | H83: 2.4 Tender | I83: n/a | J83: XLSX | K83: S2 | L83: Shared | M83: 9 | N83: 11 | O83: =IF(Programme!$C$4="","",EOMONTH(Programme!$C$4,11)) | Q83: =IF(AND(O83<>"",P83<>""),P83-O83,"") | R83: Lead Appointed Party | S83: TIDP-Z | T83: N | U83: N | V83: N | X83: Queries answered as formal RFIs
A84: Z-410 | B84: Information Management | D84: ZZ | E84: Conformed set | F84: Drawing | G84: DR | H84: 2.5 Conformed set | I84: 350 | J84: PDF/DWG | K84: A1 | L84: Published | M84: 11 | N84: 11 | O84: =IF(Programme!$C$4="","",EOMONTH(Programme!$C$4,11)) | Q84: =IF(AND(O84<>"",P84<>""),P84-O84,"") | R84: Lead Appointed Party | S84: TIDP-Z | T84: Y | U84: Y | V84: N | X84: Addenda incorporated; superseded revisions archived
A85: Z-411 | B85: Information Management | D85: ZZ | E85: Conformed-set conformance audit and compliance report | F85: Report | G85: RP | H85: 2.5 Conformed set | I85: 350 | J85: PDF | K85: S4 | L85: Shared | M85: 11 | N85: 11 | O85: =IF(Programme!$C$4="","",EOMONTH(Programme!$C$4,11)) | Q85: =IF(AND(O85<>"",P85<>""),P85-O85,"") | R85: Information Manager | S85: TIDP-Z | T85: Y | U85: N | V85: N | X85: Milestone NWD archive
A86: A-500 | B86: Architecture | D86: ZZ | E86: Construction-stage model (revisions tracked) | F86: Model | G86: M3 | H86: 3.1 Construction | I86: 400 | J86: RVT/IFC | K86: A1 | L86: Published | M86: 12 | N86: 43 | O86: =IF(Programme!$C$4="","",EOMONTH(Programme!$C$4,43)) | Q86: =IF(AND(O86<>"",P86<>""),P86-O86,"") | R86: Architecture lead | S86: TIDP-A | T86: Y | U86: Y | V86: N
A87: S-500 | B87: Structure | D87: ZZ | E87: Construction-stage model (revisions tracked) | F87: Model | G87: M3 | H87: 3.1 Construction | I87: 400 | J87: RVT/IFC | K87: A1 | L87: Published | M87: 12 | N87: 43 | O87: =IF(Programme!$C$4="","",EOMONTH(Programme!$C$4,43)) | Q87: =IF(AND(O87<>"",P87<>""),P87-O87,"") | R87: Structural lead | S87: TIDP-S | T87: Y | U87: Y | V87: N
A88: M-500 | B88: Mechanical | D88: ZZ | E88: Construction-stage model (revisions tracked) | F88: Model | G88: M3 | H88: 3.1 Construction | I88: 400 | J88: RVT/IFC | K88: A1 | L88: Published | M88: 12 | N88: 43 | O88: =IF(Programme!$C$4="","",EOMONTH(Programme!$C$4,43)) | Q88: =IF(AND(O88<>"",P88<>""),P88-O88,"") | R88: MEP lead | S88: TIDP-M | T88: Y | U88: Y | V88: N | X88: Maintenance type on plumbing fixtures from LOD 400
A89: E-500 | B89: Electrical | D89: ZZ | E89: Construction-stage model (revisions tracked) | F89: Model | G89: M3 | H89: 3.1 Construction | I89: 400 | J89: RVT/IFC | K89: A1 | L89: Published | M89: 12 | N89: 43 | O89: =IF(Programme!$C$4="","",EOMONTH(Programme!$C$4,43)) | Q89: =IF(AND(O89<>"",P89<>""),P89-O89,"") | R89: MEP lead | S89: TIDP-E | T89: Y | U89: Y | V89: N
A90: P-500 | B90: Public Health | D90: ZZ | E90: Construction-stage model (revisions tracked) | F90: Model | G90: M3 | H90: 3.1 Construction | I90: 400 | J90: RVT/IFC | K90: A1 | L90: Published | M90: 12 | N90: 43 | O90: =IF(Programme!$C$4="","",EOMONTH(Programme!$C$4,43)) | Q90: =IF(AND(O90<>"",P90<>""),P90-O90,"") | R90: MEP lead | S90: TIDP-P | T90: Y | U90: Y | V90: N
A91: FP-500 | B91: Fire Protection | D91: ZZ | E91: Construction-stage model (revisions tracked) | F91: Model | G91: M3 | H91: 3.1 Construction | I91: 400 | J91: RVT/IFC | K91: A1 | L91: Published | M91: 12 | N91: 43 | O91: =IF(Programme!$C$4="","",EOMONTH(Programme!$C$4,43)) | Q91: =IF(AND(O91<>"",P91<>""),P91-O91,"") | R91: Design-build fire contractor | S91: TIDP-Y-FP | T91: Y | U91: Y | V91: N | X91: D-B contractor becomes engineer of record
A92: LV-500 | B92: Low Voltage | D92: ZZ | E92: Construction-stage model (revisions tracked) | F92: Model | G92: M3 | H92: 3.1 Construction | I92: 400 | J92: RVT/IFC | K92: A1 | L92: Published | M92: 12 | N92: 43 | O92: =IF(Programme!$C$4="","",EOMONTH(Programme!$C$4,43)) | Q92: =IF(AND(O92<>"",P92<>""),P92-O92,"") | R92: LV lead | S92: TIDP-Y-LV | T92: Y | U92: Y | V92: N
A93: G-500 | B93: Civil and Site | D93: 00 | E93: Construction-stage model (revisions tracked) | F93: Model | G93: M3 | H93: 3.1 Construction | I93: 400 | J93: RVT/IFC | K93: A1 | L93: Published | M93: 12 | N93: 43 | O93: =IF(Programme!$C$4="","",EOMONTH(Programme!$C$4,43)) | Q93: =IF(AND(O93<>"",P93<>""),P93-O93,"") | R93: Civil lead | S93: TIDP-C | T93: Y | U93: Y | V93: N
A94: C-500 | B94: Contractor | D94: ZZ | E94: Shop drawings and fabrication models (steel, MEP modules, façade) | F94: Model/Drawing | G94: M3 | H94: 3.1 Construction | I94: 400 | J94: RVT/IFC/PDF | K94: S2 | L94: Shared | M94: 12 | N94: 43 | O94: =IF(Programme!$C$4="","",EOMONTH(Programme!$C$4,43)) | Q94: =IF(AND(O94<>"",P94<>""),P94-O94,"") | R94: Contractor | S94: TIDP-W | T94: Y | U94: Y | V94: N | X94: Linked into the federation
A95: Z-510 | B95: Information Management | D95: ZZ | E95: Request for information and submittal register | F95: Report | G95: RP | H95: 3.1 Construction | I95: 400 | J95: XLSX | K95: S2 | L95: Shared | M95: 12 | N95: 43 | O95: =IF(Programme!$C$4="","",EOMONTH(Programme!$C$4,43)) | Q95: =IF(AND(O95<>"",P95<>""),P95-O95,"") | R95: Information Manager | S95: TIDP-Z | T95: N | U95: N | V95: N | X95: Maintained continuously
A96: Z-511 | B96: Information Management | D96: ZZ | E96: Monthly BIM status report (construction) | F96: Report | G96: RP | H96: 3.1 Construction | I96: 400 | J96: PDF | K96: S2 | L96: Shared | M96: 12 | N96: 49 | O96: =IF(Programme!$C$4="","",EOMONTH(Programme!$C$4,49)) | Q96: =IF(AND(O96<>"",P96<>""),P96-O96,"") | R96: Information Manager | S96: TIDP-Z | T96: N | U96: N | V96: N
A97: Z-512 | B97: Contractor | D97: ZZ | E97: As-built capture (progressive) | F97: Model | G97: M3 | H97: 3.1 Construction | I97: 400 | J97: RVT/IFC | K97: S2 | L97: Shared | M97: 12 | N97: 43 | O97: =IF(Programme!$C$4="","",EOMONTH(Programme!$C$4,43)) | Q97: =IF(AND(O97<>"",P97<>""),P97-O97,"") | R97: Contractor | S97: TIDP-W | T97: Y | U97: Y | V97: N | X97: Clouded changes in official documentation; current to within one month
A98: Z-513 | B98: Contractor | D98: ZZ | E98: Asset data capture (tiered schedule, BEP 14) | F98: Schedule | G98: SH | H98: 3.1 Construction | I98: 400 | J98: XLSX | K98: S2 | L98: Shared | M98: 12 | N98: 47 | O98: =IF(Programme!$C$4="","",EOMONTH(Programme!$C$4,47)) | Q98: =IF(AND(O98<>"",P98<>""),P98-O98,"") | R98: Contractor | S98: TIDP-W | T98: Y | U98: Y | V98: Y | X98: Tier A serialised plant, B maintainable devices, C warranted fabric
A99: Z-514 | B99: Information Management | D99: ZZ | E99: Asset data completeness report (monthly, by tier and volume) | F99: Report | G99: RP | H99: 3.1 Construction | I99: 400 | J99: XLSX/PDF | K99: S2 | L99: Shared | M99: 12 | N99: 47 | O99: =IF(Programme!$C$4="","",EOMONTH(Programme!$C$4,47)) | Q99: =IF(AND(O99<>"",P99<>""),P99-O99,"") | R99: Information Manager | S99: TIDP-Z | T99: N | U99: N | V99: N | X99: A tier below 95% at Gate D is a gate failure
A100: Z-515 | B100: Information Management | D100: ZZ | E100: Quarterly model-health audit | F100: Report | G100: RP | H100: 3.1 Construction | I100: 400 | J100: PDF | K100: S2 | L100: Shared | M100: 12 | N100: 43 | O100: =IF(Programme!$C$4="","",EOMONTH(Programme!$C$4,43)) | Q100: =IF(AND(O100<>"",P100<>""),P100-O100,"") | R100: Information Manager | S100: TIDP-Z | T100: N | U100: N | V100: N
...

Sheet TIDP-Z
A1: < Cover
B2: Task Information Delivery Plan — Information Management
B4: The deliverables below are those already assigned to you in the Master Information Delivery Plan. Confirm the planned dates, add any deliverable your scope requires that is not listed, and return this sheet to the Information Manager. Rows are merged back into the register by reference. Use the drop-down lists; if a value you need is not offered, raise it rather than typing a variant.
B7: Task Information Delivery Plan | C7: TIDP-Z
B8: Scope | C8: Information Management
B9: Appointed party | C9: Symbion Consulting Group Studios — Information Manager
B10: Originator code | C10: [FILL — once the register is issued]
B11: Task Team Manager | C11: [FILL]
B12: Contact | C12: [FILL]
B13: Revision | C13: P01
B14: Date | C14: [FILL]
B16: Ref | C16: Discipline | D16: Originator | E16: Volume | F16: Deliverable | G16: Type | H16: Type code | I16: Stage | J16: LOD | K16: Format | L16: Suitability | M16: CDE State | N16: Month from | O16: Month to | P16: Planned date | Q16: Actual date | R16: Variance (days) | S16: Responsible | T16: TIDP ref | U16: Critical | V16: As-built | W16: O&M | X16: RAG | Y16: Notes
B17: Z-000 | C17: Information Management | E17: ZZ | F17: BIM Execution Plan | G17: Document | H17: RP | I17: Mobilisation | J17: n/a | K17: DOCX/PDF | L17: A1 | M17: Published | N17: 0 | O17: 0 | S17: Information Manager | T17: TIDP-Z | U17: N | V17: N | W17: N | Y17: Baselined at mobilisation; reissued per stage
B18: Z-001 | C18: Information Management | E18: ZZ | F18: Master Information Delivery Plan | G18: Schedule | H18: SH | I18: Mobilisation | J18: n/a | K18: XLSX | L18: A1 | M18: Published | N18: 0 | O18: 0 | S18: Information Manager | T18: TIDP-Z | U18: N | V18: N | W18: N | Y18: Aggregated from all TIDPs; monthly and per drop
B19: Z-002 | C19: Information Management | E19: ZZ | F19: Project Delivery Playbook | G19: Document | H19: RP | I19: Mobilisation | J19: n/a | K19: DOCX/PDF | L19: A1 | M19: Published | N19: 0 | O19: 0 | S19: Information Manager | T19: TIDP-Z | U19: N | V19: N | W19: N | Y19: Reference RP-Z-0002
B20: Z-003 | C20: Information Management | E20: ZZ | F20: Responsibility matrix (RACI) | G20: Schedule | H20: SH | I20: Mobilisation | J20: n/a | K20: XLSX | L20: A1 | M20: Published | N20: 0 | O20: 0 | S20: Information Manager | T20: TIDP-Z | U20: N | V20: N | W20: N | Y20: Reference SH-Z-0002
B21: Z-004 | C21: Information Management | E21: ZZ | F21: Project template, family library and title blocks | G21: Model | H21: M3 | I21: Mobilisation | J21: n/a | K21: RVT/RFA | L21: A1 | M21: Published | N21: 0 | O21: 0 | S21: Information Manager | T21: TIDP-Z | U21: Y | V21: N | W21: N | Y21: Coordinates, levels, grids, worksets, shared parameters bound
B22: Z-005 | C22: Information Management | E22: ZZ | F22: Originator code register | G22: Schedule | H22: SH | I22: Mobilisation | J22: n/a | K22: XLSX | L22: A1 | M22: Published | N22: 0 | O22: 0 | S22: Lead Appointed Party | T22: TIDP-Z | U22: Y | V22: N | W22: N | Y22: Required before any container is numbered; 3-character codes
B23: Z-007 | C23: Information Management | E23: ZZ | F23: Standards reconciliation schedule (BEP 4.1.3) | G23: Schedule | H23: SH | I23: Mobilisation | J23: n/a | K23: XLSX/PDF | L23: S3 | M23: Shared | N23: 0 | O23: 8 | S23: All disciplines | T23: TIDP-Z | U23: Y | V23: N | W23: N | Y23: Opened at mobilisation; closed before Stage 2.3
B24: Z-008 | C24: Information Management | E24: ZZ | F24: Shared coordinates seed model | G24: Model | H24: M3 | I24: Mobilisation | J24: n/a | K24: RVT | L24: A1 | M24: Published | N24: 0 | O24: 0 | S24: Information Manager | T24: TIDP-Z | U24: Y | V24: N | W24: N | Y24: Survey point, project base point, true north, levels and grids
B25: Z-009 | C25: Information Management | E25: ZZ | F25: Level and grid register | G25: Schedule | H25: SH | I25: Mobilisation | J25: n/a | K25: XLSX/PDF | L25: A1 | M25: Published | N25: 0 | O25: 0 | S25: Lead Appointed Party | T25: TIDP-Z | U25: Y | V25: N | W25: N | Y25: Reference SH-Z-0003
B26: Z-011 | C26: Information Management | E26: ZZ | F26: Software and version register | G26: Schedule | H26: SH | I26: Mobilisation | J26: n/a | K26: XLSX | L26: A1 | M26: Published | N26: 0 | O26: 0 | S26: All parties | T26: TIDP-Z | U26: N | V26: N | W26: N | Y26: Revit 2025 locked project-wide
B27: Z-012 | C27: Information Management | E27: ZZ | F27: CDE folder structure and permission matrix | G27: Document | H27: RP | I27: Mobilisation | J27: n/a | K27: PDF | L27: A1 | M27: Published | N27: 0 | O27: 0 | S27: Information Manager | T27: TIDP-Z | U27: N | V27: N | W27: N | Y27: ACC provisioned; seats confirmed for every party (E-01)
B28: Z-013 | C28: Information Management | E28: ZZ | F28: Information classification and access schedule | G28: Document | H28: RP | I28: Mobilisation | J28: n/a | K28: PDF | L28: A1 | M28: Published | N28: 0 | O28: 0 | S28: Appointing Party | T28: TIDP-Z | U28: Y | V28: N | W28: N | Y28: Restricted spaces and systems classified before modelling begins
... B37: Z-022 | C37: Information Management | E37: ZZ | F37: Document Control Standard (reissued to P02 codes) | G37: Document | H37: RP | I37: Mobilisation | J37: n/a | K37: DOCX/PDF | L37: A1 | M37: Published | N37: 0 | O37: 0 | S37: Information Manager | T37: TIDP-Z | U37: N | V37: N | W37: N | Y37: KUT-SMB-ZZ-ZZ-RP-Z-0003. Container naming, sheet number bands, revision, authorisation, transmittal, superseded/cancelled/replaced notices, number retirement
B38: Z-024 | C38: Information Management | E38: ZZ | F38: Drawing register, transmittal and notice templates | G38: Document | H38: IE | I38: Mobilisation | J38: n/a | K38: XLSX/DOCX | L38: A1 | M38: Published | N38: 0 | O38: 0 | S38: Information Manager | T38: TIDP-Z | U38: N | V38: N | W38: N
B39: Z-010 | C39: Information Management | E39: ZZ | F39: Federated coordination model | G39: Model | H39: M3 | I39: 2.1 Deliverable A | J39: 200 | K39: NWC/NWD/IFC | L39: S1 | M39: Shared | N39: 1 | O39: 1 | S39: Information Manager | T39: TIDP-Z | U39: Y | V39: Y | W39: N | Y39: First federation; container M3-Z-0001
B40: Z-110 | C40: Information Management | E40: ZZ | F40: Basis of design report | G40: Document | H40: RP | I40: 2.1 Deliverable A | J40: 200 | K40: DOCX/PDF | L40: S3 | M40: Shared | N40: 1 | O40: 1 | S40: Lead Appointed Party | T40: TIDP-Z | U40: N | V40: N | W40: N | Y40: Design intent
B41: Z-111 | C41: Information Management | E41: ZZ | F41: Area schedule reconciled to the brief | G41: Schedule | H41: SH | I41: 2.1 Deliverable A | J41: 200 | K41: XLSX/PDF | L41: S3 | M41: Shared | N41: 1 | O41: 1 | S41: Information Manager | T41: TIDP-Z | U41: N | V41: N | W41: N | Y41: Gate condition
B42: Z-112 | C42: Information Management | E42: ZZ | F42: Deliverable A gate pack and compliance report | G42: Document | H42: RP | I42: 2.1 Deliverable A | J42: 200 | K42: PDF | L42: S4 | M42: Shared | N42: 1 | O42: 1 | S42: Information Manager | T42: TIDP-Z | U42: Y | V42: N | W42: N | Y42: Contents per Playbook Appendix B
B43: Z-113 | C43: Information Management | E43: ZZ | F43: Deliverable A Owner review set and comment close-out report | G43: Document | H43: RP | I43: 2.1 Deliverable A | J43: 200 | K43: PDF | L43: S3 | M43: Shared | N43: 1 | O43: 2 | S43: Information Manager | T43: TIDP-Z | U43: Y | V43: N | W43: N | Y43: Comments closed before the gate
B44: Z-114 | C44: Information Management | E44: ZZ | F44: Baseline model-health report | G44: Report | H44: RP | I44: 2.1 Deliverable A | J44: 200 | K44: PDF | L44: S2 | M44: Shared | N44: 1 | O44: 1 | S44: Information Manager | T44: TIDP-Z | U44: N | V44: N | W44: N
B45: Z-210 | C45: Information Management | E45: ZZ | F45: Coordination reports (fortnightly) and Deliverable B clash close-out | G45: Report | H45: CR | I45: 2.2 Deliverable B | J45: 300 | K45: PDF/BCF | L45: S2 | M45: Shared | N45: 2 | O45: 4 | S45: Information Manager | T45: TIDP-Z | U45: N | V45: N | W45: N | Y45: No unresolved high-priority clashes at the gate
B46: Z-211 | C46: Information Management | E46: ZZ | F46: Federated model | G46: Model | H46: M3 | I46: 2.2 Deliverable B | J46: 300 | K46: NWC/NWD/IFC | L46: S2 | M46: Shared | N46: 4 | O46: 4 | S46: Information Manager | T46: TIDP-Z | U46: Y | V46: Y | W46: N | Y46: Milestone NWD archived
B47: Z-213 | C47: Information Management | E47: ZZ | F47: Deliverable B gate pack, LOD 300 verification and compliance report | G47: Document | H47: RP | I47: 2.2 Deliverable B | J47: 300 | K47: PDF | L47: S4 | M47: Shared | N47: 4 | O47: 4 | S47: Information Manager | T47: TIDP-Z | U47: Y | V47: N | W47: N
B48: Z-214 | C48: Information Management | E48: ZZ | F48: Deliverable B Owner review set and comment close-out report | G48: Document | H48: RP | I48: 2.2 Deliverable B | J48: 300 | K48: PDF | L48: S3 | M48: Shared | N48: 4 | O48: 5 | S48: Information Manager | T48: TIDP-Z | U48: Y | V48: N | W48: N
B49: Z-312 | C49: Information Management | E49: ZZ | F49: Specification reconciliation report (model vs SpecLink) | G49: Report | H49: RP | I49: 2.3 Deliverable C | J49: 350 | K49: XLSX/PDF | L49: S4 | M49: Shared | N49: 8 | O49: 8 | S49: Information Manager | T49: TIDP-Z | U49: N | V49: N | W49: N | Y49: Gaps closed or formally accepted
B50: Z-313 | C50: Information Management | E50: ZZ | F50: Deliverable C gate pack, LOD 350 verification and compliance report | G50: Document | H50: RP | I50: 2.3 Deliverable C | J50: 350 | K50: PDF | L50: S4 | M50: Shared | N50: 8 | O50: 8 | S50: Information Manager | T50: TIDP-Z | U50: Y | V50: N | W50: N | Y50: Includes FF&E currency report
B51: Z-314 | C51: Information Management | E51: ZZ | F51: Deliverable C Owner review set and comment close-out report | G51: Document | H51: RP | I51: 2.3 Deliverable C | J51: 350 | K51: PDF | L51: S3 | M51: Shared | N51: 8 | O51: 9 | S51: Information Manager | T51: TIDP-Z | U51: Y | V51: N | W51: N
B52: Z-400 | C52: Information Management | E52: ZZ | F52: Tender documents | G52: Document | H52: RP | I52: 2.4 Tender | J52: n/a | K52: PDF | L52: A1 | M52: Published | N52: 9 | O52: 9 | S52: Lead Appointed Party | T52: TIDP-Z | U52: N | V52: N | W52: N | Y52: Issued from the CDE at A1
B53: Z-401 | C53: Information Management | E53: ZZ | F53: Tender query and addendum log | G53: Report | H53: RP | I53: 2.4 Tender | J53: n/a | K53: XLSX | L53: S2 | M53: Shared | N53: 9 | O53: 11 | S53: Lead Appointed Party | T53: TIDP-Z | U53: N | V53: N | W53: N | Y53: Queries answered as formal RFIs
B54: Z-410 | C54: Information Management | E54: ZZ | F54: Conformed set | G54: Drawing | H54: DR | I54: 2.5 Conformed set | J54: 350 | K54: PDF/DWG | L54: A1 | M54: Published | N54: 11 | O54: 11 | S54: Lead Appointed Party | T54: TIDP-Z | U54: Y | V54: Y | W54: N | Y54: Addenda incorporated; superseded revisions archived
B55: Z-411 | C55: Information Management | E55: ZZ | F55: Conformed-set conformance audit and compliance report | G55: Report | H55: RP | I55: 2.5 Conformed set | J55: 350 | K55: PDF | L55: S4 | M55: Shared | N55: 11 | O55: 11 | S55: Information Manager | T55: TIDP-Z | U55: Y | V55: N | W55: N | Y55: Milestone NWD archive
B56: Z-510 | C56: Information Management | E56: ZZ | F56: Request for information and submittal register | G56: Report | H56: RP | I56: 3.1 Construction | J56: 400 | K56: XLSX | L56: S2 | M56: Shared | N56: 12 | O56: 43 | S56: Information Manager | T56: TIDP-Z | U56: N | V56: N | W56: N | Y56: Maintained continuously
B57: Z-511 | C57: Information Management | E57: ZZ | F57: Monthly BIM status report (construction) | G57: Report | H57: RP | I57: 3.1 Construction | J57: 400 | K57: PDF | L57: S2 | M57: Shared | N57: 12 | O57: 49 | S57: Information Manager | T57: TIDP-Z | U57: N | V57: N | W57: N
B58: Z-514 | C58: Information Management | E58: ZZ | F58: Asset data completeness report (monthly, by tier and volume) | G58: Report | H58: RP | I58: 3.1 Construction | J58: 400 | K58: XLSX/PDF | L58: S2 | M58: Shared | N58: 12 | O58: 47 | S58: Information Manager | T58: TIDP-Z | U58: N | V58: N | W58: N | Y58: A tier below 95% at Gate D is a gate failure
B59: Z-515 | C59: Information Management | E59: ZZ | F59: Quarterly model-health audit | G59: Report | H59: RP | I59: 3.1 Construction | J59: 400 | K59: PDF | L59: S2 | M59: Shared | N59: 12 | O59: 43 | S59: Information Manager | T59: TIDP-Z | U59: N | V59: N | W59: N
B60: Z-516 | C60: Information Management | E60: ZZ | F60: Revision register | G60: Schedule | H60: SH | I60: 3.1 Construction | J60: 400 | K60: XLSX | L60: S2 | M60: Shared | N60: 12 | O60: 43 | S60: Information Manager | T60: TIDP-Z | U60: N | V60: N | W60: N | Y60: Clouds and revision schedules
B61: Z-517 | C61: Information Management | E61: ZZ | F61: Contractor and specialist induction record | G61: Document | H61: RP | I61: 3.1 Construction | J61: n/a | K61: PDF | L61: S2 | M61: Shared | N61: 12 | O61: 12 | S61: Information Manager | T61: TIDP-Z | U61: N | V61: N | W61: N | Y61: Including the design-build fire and controls contractors
B62: Z-518 | C62: Information Management | E62: ZZ | F62: Construction-stage coordination reports (monthly) | G62: Report | H62: CR | I62: 3.1 Construction | J62: 400 | K62: PDF/BCF | L62: S2 | M62: Shared | N62: 12 | O62: 43 | S62: Information Manager | T62: TIDP-Z | U62: N | V62: N | W62: N
B63: Z-700 | C63: Information Management | E63: ZZ | F63: COBie 2.4 handover dataset — CONDITIONAL on Owner instruction | G63: Schedule | H63: SH | I63: 3.3 Deliverable D | J63: 500 | K63: XLSX | L63: A1 | M63: Published | N63: 48 | O63: 49 | S63: Information Manager | T63: TIDP-Z | U63: N | V63: N | W63: Y | Y63: Produced only if instructed as an additional service
B64: Z-701 | C64: Information Management | E64: ZZ | F64: Operation and maintenance / asset data pack (Fohlio) | G64: Document | H64: RP | I64: 3.3 Deliverable D | J64: 500 | K64: PDF | L64: A1 | M64: Published | N64: 48 | O64: 49 | S64: Information Manager | T64: TIDP-Z | U64: Y | V64: N | W64: Y | Y64: O&M manuals published through Fohlio by the Interior Designer (A1)
B65: Z-702 | C65: Information Management | E65: ZZ | F65: Reconciled building management system point register (digital-twin baseline) | G65: Schedule | H65: SH | I65: 3.3 Deliverable D | J65: 500 | K65: CSV/PDF | L65: A1 | M65: Published | N65: 49 | O65: 49 | S65: Information Manager | T65: TIDP-Z | U65: Y | V65: N | W65: Y | Y65: Model reconciled to the live Niagara station
B66: Z-703 | C66: Information Management | E66: ZZ | F66: Deliverable D gate pack: LOD 500 verification and asset data completeness | G66: Document | H66: RP | I66: 3.3 Deliverable D | J66: 500 | K66: PDF | L66: A1 | M66: Published | N66: 49 | O66: 49 | S66: Information Manager | T66: TIDP-Z | U66: Y | V66: N | W66: N | Y66: Days 10 to 35 of the close-out plan
B67: Z-704 | C67: Information Management | E67: ZZ | F67: Final transmittal and project archive | G67: Document | H67: IE | I67: 3.3 Deliverable D | J67: 500 | K67: PDF | L67: A1 | M67: Archived | N67: 49 | O67: 49 | S67: Information Manager | T67: TIDP-Z | U67: Y | V67: N | W67: N | Y67: Days 50 to 60
B68: Z-706 | C68: Information Management | E68: ZZ | F68: Final drawing register | G68: Schedule | H68: SH | I68: 3.3 Deliverable D | J68: 500 | K68: XLSX/PDF | L68: A1 | M68: Published | N68: 49 | O68: 49 | S68: Information Manager | T68: TIDP-Z | U68: N | V68: N | W68: N

Sheet TIDP-A
A1: < Cover
B2: Task Information Delivery Plan — Architecture and interiors
B4: The deliverables below are those already assigned to you in the Master Information Delivery Plan. Confirm the planned dates, add any deliverable your scope requires that is not listed, and return this sheet to the Information Manager. Rows are merged back into the register by reference. Use the drop-down lists; if a value you need is not offered, raise it rather than typing a variant.
B7: Task Information Delivery Plan | C7: TIDP-A
B8: Scope | C8: Architecture and interiors
B9: Appointed party | C9: [FILL — architecture practice]
B10: Originator code | C10: [FILL — once the register is issued]
B11: Task Team Manager | C11: [FILL]
B12: Contact | C12: [FILL]
B13: Revision | C13: P01
B14: Date | C14: [FILL]
B16: Ref | C16: Discipline | D16: Originator | E16: Volume | F16: Deliverable | G16: Type | H16: Type code | I16: Stage | J16: LOD | K16: Format | L16: Suitability | M16: CDE State | N16: Month from | O16: Month to | P16: Planned date | Q16: Actual date | R16: Variance (days) | S16: Responsible | T16: TIDP ref | U16: Critical | V16: As-built | W16: O&M | X16: RAG | Y16: Notes
B17: A-100 | C17: Architecture | E17: ZZ | F17: Architectural model | G17: Model | H17: M3 | I17: 2.1 Deliverable A | J17: 200 | K17: RVT/IFC | L17: S2 | M17: Shared | N17: 1 | O17: 1 | S17: Architecture lead | T17: TIDP-A | U17: Y | V17: Y | W17: N | Y17: Massing and generic systems; rooms placed
B18: A-101 | C18: Architecture | E18: ZZ | F18: Deliverable A drawing set | G18: Drawing | H18: DR | I18: 2.1 Deliverable A | J18: 200 | K18: PDF/DWG | L18: S3 | M18: Shared | N18: 1 | O18: 1 | S18: Architecture lead | T18: TIDP-A | U18: N | V18: N | W18: N
B19: A-200 | C19: Architecture | E19: ZZ | F19: Architectural model | G19: Model | H19: M3 | I19: 2.2 Deliverable B | J19: 300 | K19: RVT/IFC | L19: S2 | M19: Shared | N19: 2 | O19: 4 | S19: Architecture lead | T19: TIDP-A | U19: Y | V19: Y | W19: N | Y19: Real geometry, correctly located; no placeholder families
B20: A-201 | C20: Architecture | E20: ZZ | F20: General arrangement plans, sections and elevations (50%) | G20: Drawing | H20: DR | I20: 2.2 Deliverable B | J20: 300 | K20: PDF/DWG | L20: S2 | M20: Shared | N20: 4 | O20: 4 | S20: Architecture lead | T20: TIDP-A | U20: N | V20: Y | W20: N
B21: A-202 | C21: Architecture | E21: ZZ | F21: Door and window schedules | G21: Schedule | H21: SH | I21: 2.2 Deliverable B | J21: 300 | K21: PDF/XLSX | L21: S2 | M21: Shared | N21: 4 | O21: 4 | S21: Architecture lead | T21: TIDP-A | U21: N | V21: N | W21: N
B22: A-203 | C22: Architecture | E22: ZZ | F22: Room data sheets (key spaces) | G22: Room data sheet | H22: RD | I22: 2.2 Deliverable B | J22: 300 | K22: PDF | L22: S2 | M22: Shared | N22: 4 | O22: 4 | S22: Architecture lead | T22: TIDP-A | U22: N | V22: N | W22: N | Y22: Complete set at Deliverable C (A-302)
B23: A-204 | C23: Architecture | E23: ZZ | F23: Existing conditions and removals plan | G23: Drawing | H23: DR | I23: 2.2 Deliverable B | J23: 300 | K23: PDF/DWG | L23: S2 | M23: Shared | N23: 4 | O23: 4 | S23: Architecture lead | T23: TIDP-A | U23: N | V23: N | W23: N | Y23: Demolition classification is a manual task; BEP 10.4
B24: A-300 | C24: Architecture | E24: ZZ | F24: Architectural model | G24: Model | H24: M3 | I24: 2.3 Deliverable C | J24: 350 | K24: RVT/IFC | L24: S4 | M24: Shared | N24: 5 | O24: 8 | S24: Architecture lead | T24: TIDP-A | U24: Y | V24: Y | W24: N | Y24: Interfaces resolved
B25: A-301 | C25: Architecture | E25: ZZ | F25: Full drawing set (100%) and details | G25: Drawing | H25: DR | I25: 2.3 Deliverable C | J25: 350 | K25: PDF/DWG | L25: S4 | M25: Shared | N25: 8 | O25: 8 | S25: Architecture lead | T25: TIDP-A | U25: Y | V25: Y | W25: N
B26: A-302 | C26: Architecture | E26: ZZ | F26: Room data sheets (complete) | G26: Room data sheet | H26: RD | I26: 2.3 Deliverable C | J26: 350 | K26: PDF | L26: S4 | M26: Shared | N26: 8 | O26: 8 | S26: Architecture lead | T26: TIDP-A | U26: N | V26: N | W26: N | Y26: Generated from the reconciled Fohlio data
B27: A-500 | C27: Architecture | E27: ZZ | F27: Construction-stage model (revisions tracked) | G27: Model | H27: M3 | I27: 3.1 Construction | J27: 400 | K27: RVT/IFC | L27: A1 | M27: Published | N27: 12 | O27: 43 | S27: Architecture lead | T27: TIDP-A | U27: Y | V27: Y | W27: N
B28: A-700 | C28: Architecture | E28: ZZ | F28: As-built architectural model (LOD 500, verified) | G28: Model | H28: M3 | I28: 3.3 Deliverable D | J28: 500 | K28: RVT/IFC | L28: A1 | M28: Published | N28: 48 | O28: 49 | S28: Architecture lead | T28: TIDP-A | U28: Y | V28: Y | W28: Y | Y28: Authored by the design consultant from the Contractor as-built documentation; verified by the Information Manager

Sheet TIDP-S
A1: < Cover
B2: Task Information Delivery Plan — Structural
B4: The deliverables below are those already assigned to you in the Master Information Delivery Plan. Confirm the planned dates, add any deliverable your scope requires that is not listed, and return this sheet to the Information Manager. Rows are merged back into the register by reference. Use the drop-down lists; if a value you need is not offered, raise it rather than typing a variant.
B7: Task Information Delivery Plan | C7: TIDP-S
B8: Scope | C8: Structural
B9: Appointed party | C9: [FILL — structural engineer]
B10: Originator code | C10: [FILL — once the register is issued]
B11: Task Team Manager | C11: [FILL]
B12: Contact | C12: [FILL]
B13: Revision | C13: P01
B14: Date | C14: [FILL]
B16: Ref | C16: Discipline | D16: Originator | E16: Volume | F16: Deliverable | G16: Type | H16: Type code | I16: Stage | J16: LOD | K16: Format | L16: Suitability | M16: CDE State | N16: Month from | O16: Month to | P16: Planned date | Q16: Actual date | R16: Variance (days) | S16: Responsible | T16: TIDP ref | U16: Critical | V16: As-built | W16: O&M | X16: RAG | Y16: Notes
B17: S-100 | C17: Structure | E17: ZZ | F17: Structural model | G17: Model | H17: M3 | I17: 2.1 Deliverable A | J17: 200 | K17: RVT/IFC | L17: S2 | M17: Shared | N17: 1 | O17: 1 | S17: Structural lead | T17: TIDP-S | U17: Y | V17: Y | W17: N | Y17: Indicative frame and foundations
B18: S-200 | C18: Structure | E18: ZZ | F18: Structural model | G18: Model | H18: M3 | I18: 2.2 Deliverable B | J18: 300 | K18: RVT/IFC | L18: S2 | M18: Shared | N18: 2 | O18: 4 | S18: Structural lead | T18: TIDP-S | U18: Y | V18: Y | W18: N | Y18: Sized members; penetrations coordinated
B19: S-201 | C19: Structure | E19: ZZ | F19: General arrangement drawings (50%) | G19: Drawing | H19: DR | I19: 2.2 Deliverable B | J19: 300 | K19: PDF/DWG | L19: S2 | M19: Shared | N19: 4 | O19: 4 | S19: Structural lead | T19: TIDP-S | U19: N | V19: Y | W19: N
B20: S-300 | C20: Structure | E20: ZZ | F20: Structural model | G20: Model | H20: M3 | I20: 2.3 Deliverable C | J20: 350 | K20: RVT/IFC | L20: S4 | M20: Shared | N20: 5 | O20: 8 | S20: Structural lead | T20: TIDP-S | U20: Y | V20: Y | W20: N | Y20: Connections resolved
B21: S-301 | C21: Structure | E21: ZZ | F21: Structural drawing set (100%) | G21: Drawing | H21: DR | I21: 2.3 Deliverable C | J21: 350 | K21: PDF/DWG | L21: S4 | M21: Shared | N21: 8 | O21: 8 | S21: Structural lead | T21: TIDP-S | U21: Y | V21: Y | W21: N
B22: S-500 | C22: Structure | E22: ZZ | F22: Construction-stage model (revisions tracked) | G22: Model | H22: M3 | I22: 3.1 Construction | J22: 400 | K22: RVT/IFC | L22: A1 | M22: Published | N22: 12 | O22: 43 | S22: Structural lead | T22: TIDP-S | U22: Y | V22: Y | W22: N
B23: S-700 | C23: Structure | E23: ZZ | F23: As-built structural model (LOD 500, verified) | G23: Model | H23: M3 | I23: 3.3 Deliverable D | J23: 500 | K23: RVT/IFC | L23: A1 | M23: Published | N23: 48 | O23: 49 | S23: Structural lead | T23: TIDP-S | U23: Y | V23: Y | W23: Y | Y23: Authored by the design consultant from the Contractor as-built documentation; verified by the Information Manager

Sheet TIDP-M
A1: < Cover
B2: Task Information Delivery Plan — Mechanical
B4: The deliverables below are those already assigned to you in the Master Information Delivery Plan. Confirm the planned dates, add any deliverable your scope requires that is not listed, and return this sheet to the Information Manager. Rows are merged back into the register by reference. Use the drop-down lists; if a value you need is not offered, raise it rather than typing a variant.
B7: Task Information Delivery Plan | C7: TIDP-M
B8: Scope | C8: Mechanical
B9: Appointed party | C9: [FILL — MEP engineer]
B10: Originator code | C10: [FILL — once the register is issued]
B11: Task Team Manager | C11: [FILL]
B12: Contact | C12: [FILL]
B13: Revision | C13: P01
B14: Date | C14: [FILL]
B16: Ref | C16: Discipline | D16: Originator | E16: Volume | F16: Deliverable | G16: Type | H16: Type code | I16: Stage | J16: LOD | K16: Format | L16: Suitability | M16: CDE State | N16: Month from | O16: Month to | P16: Planned date | Q16: Actual date | R16: Variance (days) | S16: Responsible | T16: TIDP ref | U16: Critical | V16: As-built | W16: O&M | X16: RAG | Y16: Notes
B17: M-100 | C17: Mechanical | E17: ZZ | F17: Mechanical model | G17: Model | H17: M3 | I17: 2.1 Deliverable A | J17: 200 | K17: RVT/IFC | L17: S2 | M17: Shared | N17: 1 | O17: 1 | S17: MEP lead | T17: TIDP-M | U17: Y | V17: Y | W17: N | Y17: Plant space allocation, primary routes
B18: M-200 | C18: Mechanical | E18: ZZ | F18: Mechanical model | G18: Model | H18: M3 | I18: 2.2 Deliverable B | J18: 300 | K18: RVT/IFC | L18: S2 | M18: Shared | N18: 2 | O18: 4 | S18: MEP lead | T18: TIDP-M | U18: Y | V18: Y | W18: N | Y18: Real equipment; risers fixed
B19: M-201 | C19: Mechanical | E19: ZZ | F19: HVAC layouts (50%) | G19: Drawing | H19: DR | I19: 2.2 Deliverable B | J19: 300 | K19: PDF/DWG | L19: S2 | M19: Shared | N19: 4 | O19: 4 | S19: MEP lead | T19: TIDP-M | U19: N | V19: Y | W19: N
B20: M-300 | C20: Mechanical | E20: ZZ | F20: Mechanical model | G20: Model | H20: M3 | I20: 2.3 Deliverable C | J20: 350 | K20: RVT/IFC | L20: S4 | M20: Shared | N20: 5 | O20: 8 | S20: MEP lead | T20: TIDP-M | U20: Y | V20: Y | W20: N | Y20: Systems complete and connected; equipment data
B21: M-301 | C21: Mechanical | E21: ZZ | F21: HVAC drawing set (100%) | G21: Drawing | H21: DR | I21: 2.3 Deliverable C | J21: 350 | K21: PDF/DWG | L21: S4 | M21: Shared | N21: 8 | O21: 8 | S21: MEP lead | T21: TIDP-M | U21: Y | V21: Y | W21: N
B22: M-302 | C22: Mechanical | E22: ZZ | F22: HVAC load and sizing schedules | G22: Schedule | H22: SH | I22: 2.3 Deliverable C | J22: 350 | K22: PDF/XLSX | L22: S4 | M22: Shared | N22: 8 | O22: 8 | S22: MEP lead | T22: TIDP-M | U22: Y | V22: N | W22: N
B23: M-303 | C23: Mechanical | E23: ZZ | F23: BMS point-naming convention and point data on serviceable elements | G23: Schedule | H23: SH | I23: 2.3 Deliverable C | J23: 350 | K23: XLSX | L23: S3 | M23: Shared | N23: 8 | O23: 8 | S23: MEP lead | T23: TIDP-M | U23: N | V23: N | W23: N | Y23: Agreed with the controls contractor
B24: M-500 | C24: Mechanical | E24: ZZ | F24: Construction-stage model (revisions tracked) | G24: Model | H24: M3 | I24: 3.1 Construction | J24: 400 | K24: RVT/IFC | L24: A1 | M24: Published | N24: 12 | O24: 43 | S24: MEP lead | T24: TIDP-M | U24: Y | V24: Y | W24: N | Y24: Maintenance type on plumbing fixtures from LOD 400
B25: M-520 | C25: Mechanical | E25: ZZ | F25: Commissioning point list (Niagara) | G25: Schedule | H25: SH | I25: 3.1 Construction | J25: 400 | K25: CSV | L25: S2 | M25: Shared | N25: 40 | O25: 40 | S25: MEP lead | T25: TIDP-M | U25: Y | V25: N | W25: Y | Y25: Produced from the model for the controls contractor
B26: M-700 | C26: Mechanical | E26: ZZ | F26: As-built mechanical model (LOD 500, verified) | G26: Model | H26: M3 | I26: 3.3 Deliverable D | J26: 500 | K26: RVT/IFC | L26: A1 | M26: Published | N26: 48 | O26: 49 | S26: MEP lead | T26: TIDP-M | U26: Y | V26: Y | W26: Y | Y26: Authored by the design consultant from the Contractor as-built documentation; verified by the Information Manager

Sheet TIDP-E
A1: < Cover
B2: Task Information Delivery Plan — Electrical
B4: The deliverables below are those already assigned to you in the Master Information Delivery Plan. Confirm the planned dates, add any deliverable your scope requires that is not listed, and return this sheet to the Information Manager. Rows are merged back into the register by reference. Use the drop-down lists; if a value you need is not offered, raise it rather than typing a variant.
B7: Task Information Delivery Plan | C7: TIDP-E
B8: Scope | C8: Electrical
B9: Appointed party | C9: [FILL — MEP engineer]
B10: Originator code | C10: [FILL — once the register is issued]
B11: Task Team Manager | C11: [FILL]
B12: Contact | C12: [FILL]
B13: Revision | C13: P01
B14: Date | C14: [FILL]
B16: Ref | C16: Discipline | D16: Originator | E16: Volume | F16: Deliverable | G16: Type | H16: Type code | I16: Stage | J16: LOD | K16: Format | L16: Suitability | M16: CDE State | N16: Month from | O16: Month to | P16: Planned date | Q16: Actual date | R16: Variance (days) | S16: Responsible | T16: TIDP ref | U16: Critical | V16: As-built | W16: O&M | X16: RAG | Y16: Notes
B17: E-100 | C17: Electrical | E17: ZZ | F17: Electrical model | G17: Model | H17: M3 | I17: 2.1 Deliverable A | J17: 200 | K17: RVT/IFC | L17: S2 | M17: Shared | N17: 1 | O17: 1 | S17: MEP lead | T17: TIDP-E | U17: Y | V17: Y | W17: N | Y17: Generic equipment and main containment
B18: E-200 | C18: Electrical | E18: ZZ | F18: Electrical model | G18: Model | H18: M3 | I18: 2.2 Deliverable B | J18: 300 | K18: RVT/IFC | L18: S2 | M18: Shared | N18: 2 | O18: 4 | S18: MEP lead | T18: TIDP-E | U18: Y | V18: Y | W18: N | Y18: Power, lighting and containment routed; boards placed
B19: E-201 | C19: Electrical | E19: ZZ | F19: Power and lighting layouts (50%) | G19: Drawing | H19: DR | I19: 2.2 Deliverable B | J19: 300 | K19: PDF/DWG | L19: S2 | M19: Shared | N19: 4 | O19: 4 | S19: MEP lead | T19: TIDP-E | U19: N | V19: Y | W19: N | Y19: Lighting layouts under role E (G-03)
B20: E-300 | C20: Electrical | E20: ZZ | F20: Electrical model and drawing set (100%) | G20: Model/Drawing | H20: M3 | I20: 2.3 Deliverable C | J20: 350 | K20: RVT/PDF | L20: S4 | M20: Shared | N20: 5 | O20: 8 | S20: MEP lead | T20: TIDP-E | U20: Y | V20: Y | W20: N
B21: E-301 | C21: Electrical | E21: ZZ | F21: Panel schedules and single-line diagrams | G21: Schedule/Drawing | H21: DR | I21: 2.3 Deliverable C | J21: 350 | K21: PDF/XLSX | L21: S4 | M21: Shared | N21: 8 | O21: 8 | S21: MEP lead | T21: TIDP-E | U21: Y | V21: Y | W21: N | Y21: Sheets in the 6xxx and 7xxx bands
B22: E-500 | C22: Electrical | E22: ZZ | F22: Construction-stage model (revisions tracked) | G22: Model | H22: M3 | I22: 3.1 Construction | J22: 400 | K22: RVT/IFC | L22: A1 | M22: Published | N22: 12 | O22: 43 | S22: MEP lead | T22: TIDP-E | U22: Y | V22: Y | W22: N
B23: E-700 | C23: Electrical | E23: ZZ | F23: As-built electrical model (LOD 500, verified) | G23: Model | H23: M3 | I23: 3.3 Deliverable D | J23: 500 | K23: RVT/IFC | L23: A1 | M23: Published | N23: 48 | O23: 49 | S23: MEP lead | T23: TIDP-E | U23: Y | V23: Y | W23: Y | Y23: Authored by the design consultant from the Contractor as-built documentation; verified by the Information Manager

Sheet TIDP-P
A1: < Cover
B2: Task Information Delivery Plan — Public health (plumbing and drainage)
B4: The deliverables below are those already assigned to you in the Master Information Delivery Plan. Confirm the planned dates, add any deliverable your scope requires that is not listed, and return this sheet to the Information Manager. Rows are merged back into the register by reference. Use the drop-down lists; if a value you need is not offered, raise it rather than typing a variant.
B7: Task Information Delivery Plan | C7: TIDP-P
B8: Scope | C8: Public health (plumbing and drainage)
B9: Appointed party | C9: [FILL — MEP engineer]
B10: Originator code | C10: [FILL — once the register is issued]
B11: Task Team Manager | C11: [FILL]
B12: Contact | C12: [FILL]
B13: Revision | C13: P01
B14: Date | C14: [FILL]
B16: Ref | C16: Discipline | D16: Originator | E16: Volume | F16: Deliverable | G16: Type | H16: Type code | I16: Stage | J16: LOD | K16: Format | L16: Suitability | M16: CDE State | N16: Month from | O16: Month to | P16: Planned date | Q16: Actual date | R16: Variance (days) | S16: Responsible | T16: TIDP ref | U16: Critical | V16: As-built | W16: O&M | X16: RAG | Y16: Notes
B17: P-100 | C17: Public Health | E17: ZZ | F17: Plumbing and drainage model | G17: Model | H17: M3 | I17: 2.1 Deliverable A | J17: 200 | K17: RVT/IFC | L17: S2 | M17: Shared | N17: 1 | O17: 1 | S17: MEP lead | T17: TIDP-P | U17: Y | V17: Y | W17: N | Y17: Primary routes; font systems indicated
B18: P-200 | C18: Public Health | E18: ZZ | F18: Plumbing and drainage model | G18: Model | H18: M3 | I18: 2.2 Deliverable B | J18: 300 | K18: RVT/IFC | L18: S2 | M18: Shared | N18: 2 | O18: 4 | S18: MEP lead | T18: TIDP-P | U18: Y | V18: Y | W18: N | Y18: Real pipework with code falls; fixtures placed
B19: P-201 | C19: Public Health | E19: ZZ | F19: Plumbing and drainage layouts (50%) | G19: Drawing | H19: DR | I19: 2.2 Deliverable B | J19: 300 | K19: PDF/DWG | L19: S2 | M19: Shared | N19: 4 | O19: 4 | S19: MEP lead | T19: TIDP-P | U19: N | V19: Y | W19: N
B20: P-300 | C20: Public Health | E20: ZZ | F20: Plumbing model and drawing set (100%) | G20: Model/Drawing | H20: M3 | I20: 2.3 Deliverable C | J20: 350 | K20: RVT/PDF | L20: S4 | M20: Shared | N20: 5 | O20: 8 | S20: MEP lead | T20: TIDP-P | U20: Y | V20: Y | W20: N
B21: P-500 | C21: Public Health | E21: ZZ | F21: Construction-stage model (revisions tracked) | G21: Model | H21: M3 | I21: 3.1 Construction | J21: 400 | K21: RVT/IFC | L21: A1 | M21: Published | N21: 12 | O21: 43 | S21: MEP lead | T21: TIDP-P | U21: Y | V21: Y | W21: N
B22: P-700 | C22: Public Health | E22: ZZ | F22: As-built plumbing and drainage model (LOD 500, verified) | G22: Model | H22: M3 | I22: 3.3 Deliverable D | J22: 500 | K22: RVT/IFC | L22: A1 | M22: Published | N22: 48 | O22: 49 | S22: MEP lead | T22: TIDP-P | U22: Y | V22: Y | W22: Y | Y22: Authored by the design consultant from the Contractor as-built documentation; verified by the Information Manager

Sheet TIDP-Y-FP
A1: < Cover
B2: Task Information Delivery Plan — Fire protection
B4: The deliverables below are those already assigned to you in the Master Information Delivery Plan. Confirm the planned dates, add any deliverable your scope requires that is not listed, and return this sheet to the Information Manager. Rows are merged back into the register by reference. Use the drop-down lists; if a value you need is not offered, raise it rather than typing a variant.
B7: Task Information Delivery Plan | C7: TIDP-Y-FP
B8: Scope | C8: Fire protection
B9: Appointed party | C9: [FILL — fire engineer / design-build contractor]
B10: Originator code | C10: [FILL — once the register is issued]
B11: Task Team Manager | C11: [FILL]
B12: Contact | C12: [FILL]
B13: Revision | C13: P01
B14: Date | C14: [FILL]
B16: Ref | C16: Discipline | D16: Originator | E16: Volume | F16: Deliverable | G16: Type | H16: Type code | I16: Stage | J16: LOD | K16: Format | L16: Suitability | M16: CDE State | N16: Month from | O16: Month to | P16: Planned date | Q16: Actual date | R16: Variance (days) | S16: Responsible | T16: TIDP ref | U16: Critical | V16: As-built | W16: O&M | X16: RAG | Y16: Notes
B17: FP-200 | C17: Fire Protection | E17: ZZ | F17: Fire strategy and suppression layout | G17: Model/Document | H17: M3 | I17: 2.2 Deliverable B | J17: 300 | K17: RVT/PDF | L17: S2 | M17: Shared | N17: 2 | O17: 4 | S17: Fire lead | T17: TIDP-Y-FP | U17: Y | V17: Y | W17: N | Y17: Sprinkler and detection layout
B18: FP-300 | C18: Fire Protection | E18: ZZ | F18: Fire strategy and model (100%) | G18: Model/Document | H18: M3 | I18: 2.3 Deliverable C | J18: 350 | K18: RVT/PDF | L18: S4 | M18: Shared | N18: 5 | O18: 8 | S18: Fire lead | T18: TIDP-Y-FP | U18: Y | V18: Y | W18: N | Y18: Transition to the design-build contractor agreed
B19: FP-500 | C19: Fire Protection | E19: ZZ | F19: Construction-stage model (revisions tracked) | G19: Model | H19: M3 | I19: 3.1 Construction | J19: 400 | K19: RVT/IFC | L19: A1 | M19: Published | N19: 12 | O19: 43 | S19: Design-build fire contractor | T19: TIDP-Y-FP | U19: Y | V19: Y | W19: N | Y19: D-B contractor becomes engineer of record
B20: FP-700 | C20: Fire Protection | E20: ZZ | F20: As-built fire protection model (LOD 500, verified) | G20: Model | H20: M3 | I20: 3.3 Deliverable D | J20: 500 | K20: RVT/IFC | L20: A1 | M20: Published | N20: 48 | O20: 49 | S20: Design-build fire contractor | T20: TIDP-Y-FP | U20: Y | V20: Y | W20: Y | Y20: Authored by the design consultant from the Contractor as-built documentation; verified by the Information Manager

Sheet TIDP-Y-LV
A1: < Cover
B2: Task Information Delivery Plan — Low voltage and communications
B4: The deliverables below are those already assigned to you in the Master Information Delivery Plan. Confirm the planned dates, add any deliverable your scope requires that is not listed, and return this sheet to the Information Manager. Rows are merged back into the register by reference. Use the drop-down lists; if a value you need is not offered, raise it rather than typing a variant.
B7: Task Information Delivery Plan | C7: TIDP-Y-LV
B8: Scope | C8: Low voltage and communications
B9: Appointed party | C9: [FILL — LV engineer]
B10: Originator code | C10: [FILL — once the register is issued]
B11: Task Team Manager | C11: [FILL]
B12: Contact | C12: [FILL]
B13: Revision | C13: P01
B14: Date | C14: [FILL]
B16: Ref | C16: Discipline | D16: Originator | E16: Volume | F16: Deliverable | G16: Type | H16: Type code | I16: Stage | J16: LOD | K16: Format | L16: Suitability | M16: CDE State | N16: Month from | O16: Month to | P16: Planned date | Q16: Actual date | R16: Variance (days) | S16: Responsible | T16: TIDP ref | U16: Critical | V16: As-built | W16: O&M | X16: RAG | Y16: Notes
B17: LV-200 | C17: Low Voltage | E17: ZZ | F17: Low voltage containment and equipment rooms | G17: Model | H17: M3 | I17: 2.2 Deliverable B | J17: 300 | K17: RVT/IFC | L17: S2 | M17: Shared | N17: 2 | O17: 4 | S17: LV lead | T17: TIDP-Y-LV | U17: Y | V17: Y | W17: N
B18: LV-300 | C18: Low Voltage | E18: ZZ | F18: Communications and security model and drawings | G18: Model/Drawing | H18: M3 | I18: 2.3 Deliverable C | J18: 350 | K18: RVT/PDF | L18: S4 | M18: Shared | N18: 5 | O18: 8 | S18: LV lead | T18: TIDP-Y-LV | U18: Y | V18: Y | W18: N | Y18: Restricted-information handling per BEP 8.1
B19: LV-500 | C19: Low Voltage | E19: ZZ | F19: Construction-stage model (revisions tracked) | G19: Model | H19: M3 | I19: 3.1 Construction | J19: 400 | K19: RVT/IFC | L19: A1 | M19: Published | N19: 12 | O19: 43 | S19: LV lead | T19: TIDP-Y-LV | U19: Y | V19: Y | W19: N
B20: LV-700 | C20: Low Voltage | E20: ZZ | F20: As-built low voltage model (LOD 500, verified) | G20: Model | H20: M3 | I20: 3.3 Deliverable D | J20: 500 | K20: RVT/IFC | L20: A1 | M20: Published | N20: 48 | O20: 49 | S20: LV lead | T20: TIDP-Y-LV | U20: Y | V20: Y | W20: Y | Y20: Authored by the design consultant from the Contractor as-built documentation; verified by the Information Manager

Sheet TIDP-C
A1: < Cover
B2: Task Information Delivery Plan — Civil and site
B4: The deliverables below are those already assigned to you in the Master Information Delivery Plan. Confirm the planned dates, add any deliverable your scope requires that is not listed, and return this sheet to the Information Manager. Rows are merged back into the register by reference. Use the drop-down lists; if a value you need is not offered, raise it rather than typing a variant.
B7: Task Information Delivery Plan | C7: TIDP-C
B8: Scope | C8: Civil and site
B9: Appointed party | C9: [FILL — civil engineer]
B10: Originator code | C10: [FILL — once the register is issued]
B11: Task Team Manager | C11: [FILL]
B12: Contact | C12: [FILL]
B13: Revision | C13: P01
B14: Date | C14: [FILL]
B16: Ref | C16: Discipline | D16: Originator | E16: Volume | F16: Deliverable | G16: Type | H16: Type code | I16: Stage | J16: LOD | K16: Format | L16: Suitability | M16: CDE State | N16: Month from | O16: Month to | P16: Planned date | Q16: Actual date | R16: Variance (days) | S16: Responsible | T16: TIDP ref | U16: Critical | V16: As-built | W16: O&M | X16: RAG | Y16: Notes
B17: G-100 | C17: Civil and Site | E17: 00 | F17: Site model and levels | G17: Model | H17: M3 | I17: 2.1 Deliverable A | J17: 200 | K17: RVT/IFC | L17: S2 | M17: Shared | N17: 1 | O17: 1 | S17: Civil lead | T17: TIDP-C | U17: Y | V17: Y | W17: N | Y17: Site levels, access, drainage strategy; scope to confirm
B18: G-200 | C18: Civil and Site | E18: 00 | F18: Site model | G18: Model | H18: M3 | I18: 2.2 Deliverable B | J18: 300 | K18: RVT/IFC | L18: S2 | M18: Shared | N18: 2 | O18: 4 | S18: Civil lead | T18: TIDP-C | U18: Y | V18: Y | W18: N | Y18: Real site model; drainage and access
B19: G-201 | C19: Civil and Site | E19: 00 | F19: Site and drainage drawings (50%) | G19: Drawing | H19: DR | I19: 2.2 Deliverable B | J19: 300 | K19: PDF/DWG | L19: S2 | M19: Shared | N19: 4 | O19: 4 | S19: Civil lead | T19: TIDP-C | U19: N | V19: Y | W19: N
B20: G-300 | C20: Civil and Site | E20: 00 | F20: Civil and site model and drawings (100%) | G20: Model/Drawing | H20: M3 | I20: 2.3 Deliverable C | J20: 350 | K20: RVT/PDF | L20: S4 | M20: Shared | N20: 5 | O20: 8 | S20: Civil lead | T20: TIDP-C | U20: Y | V20: Y | W20: N
B21: G-500 | C21: Civil and Site | E21: 00 | F21: Construction-stage model (revisions tracked) | G21: Model | H21: M3 | I21: 3.1 Construction | J21: 400 | K21: RVT/IFC | L21: A1 | M21: Published | N21: 12 | O21: 43 | S21: Civil lead | T21: TIDP-C | U21: Y | V21: Y | W21: N
B22: G-700 | C22: Civil and Site | E22: 00 | F22: As-built civil and site model (LOD 500, verified) | G22: Model | H22: M3 | I22: 3.3 Deliverable D | J22: 500 | K22: RVT/IFC | L22: A1 | M22: Published | N22: 48 | O22: 49 | S22: Civil lead | T22: TIDP-C | U22: Y | V22: Y | W22: Y | Y22: Authored by the design consultant from the Contractor as-built documentation; verified by the Information Manager

Sheet TIDP-Q
A1: < Cover
B2: Task Information Delivery Plan — Quantity surveying / cost
B4: The deliverables below are those already assigned to you in the Master Information Delivery Plan. Confirm the planned dates, add any deliverable your scope requires that is not listed, and return this sheet to the Information Manager. Rows are merged back into the register by reference. Use the drop-down lists; if a value you need is not offered, raise it rather than typing a variant.
B7: Task Information Delivery Plan | C7: TIDP-Q
B8: Scope | C8: Quantity surveying / cost
B9: Appointed party | C9: [FILL — quantity surveyor]
B10: Originator code | C10: [FILL — once the register is issued]
B11: Task Team Manager | C11: [FILL]
B12: Contact | C12: [FILL]
B13: Revision | C13: P01
B14: Date | C14: [FILL]
B16: Ref | C16: Discipline | D16: Originator | E16: Volume | F16: Deliverable | G16: Type | H16: Type code | I16: Stage | J16: LOD | K16: Format | L16: Suitability | M16: CDE State | N16: Month from | O16: Month to | P16: Planned date | Q16: Actual date | R16: Variance (days) | S16: Responsible | T16: TIDP ref | U16: Critical | V16: As-built | W16: O&M | X16: RAG | Y16: Notes
B17: Z-212 | C17: QS / Cost | E17: ZZ | F17: Bill of quantities (preliminary) | G17: Schedule | H17: CP | I17: 2.2 Deliverable B | J17: 300 | K17: XLSX | L17: S2 | M17: Shared | N17: 4 | O17: 4 | S17: Quantity Surveyor | T17: TIDP-Q | U17: Y | V17: N | W17: Y | Y17: Derived from the coordinated models by the QS
B18: Z-310 | C18: QS / Cost | E18: ZZ | F18: Bill of quantities (tender) | G18: Schedule | H18: CP | I18: 2.3 Deliverable C | J18: 350 | K18: XLSX | L18: S4 | M18: Shared | N18: 8 | O18: 8 | S18: Quantity Surveyor | T18: TIDP-Q | U18: Y | V18: N | W18: Y

Sheet TIDP-I
A1: < Cover
B2: Task Information Delivery Plan — FF&E and finishes (Interior Designer)
B4: The deliverables below are those already assigned to you in the Master Information Delivery Plan. Confirm the planned dates, add any deliverable your scope requires that is not listed, and return this sheet to the Information Manager. Rows are merged back into the register by reference. Use the drop-down lists; if a value you need is not offered, raise it rather than typing a variant.
B7: Task Information Delivery Plan | C7: TIDP-I
B8: Scope | C8: FF&E and finishes (Interior Designer)
B9: Appointed party | C9: [FILL — interior designer]
B10: Originator code | C10: [FILL — once the register is issued]
B11: Task Team Manager | C11: [FILL]
B12: Contact | C12: [FILL]
B13: Revision | C13: P01
B14: Date | C14: [FILL]
B16: Ref | C16: Discipline | D16: Originator | E16: Volume | F16: Deliverable | G16: Type | H16: Type code | I16: Stage | J16: LOD | K16: Format | L16: Suitability | M16: CDE State | N16: Month from | O16: Month to | P16: Planned date | Q16: Actual date | R16: Variance (days) | S16: Responsible | T16: TIDP ref | U16: Critical | V16: As-built | W16: O&M | X16: RAG | Y16: Notes
B17: FF-200 | C17: FF&E | E17: ZZ | F17: FF&E and finishes register (first Fohlio exchange) | G17: Schedule | H17: SH | I17: 2.2 Deliverable B | J17: 300 | K17: CSV/XLSX | L17: S2 | M17: Shared | N17: 4 | O17: 4 | S17: Interior Designer | T17: TIDP-I | U17: N | V17: N | W17: Y | Y17: Matched on room number
B18: FF-300 | C18: FF&E | E18: ZZ | F18: FF&E specifications and schedule | G18: Schedule | H18: SH | I18: 2.3 Deliverable C | J18: 350 | K18: XLSX/PDF | L18: S4 | M18: Shared | N18: 8 | O18: 8 | S18: Interior Designer | T18: TIDP-I | U18: Y | V18: N | W18: Y | Y18: Reconciled to Fohlio
B19: FF-600 | C19: FF&E | E19: ZZ | F19: FF&E final schedule and procurement record | G19: Schedule | H19: SH | I19: 3.2 FF&E | J19: 400 | K19: XLSX | L19: A1 | M19: Published | N19: 44 | O19: 47 | S19: Interior Designer | T19: TIDP-I | U19: Y | V19: N | W19: Y | Y19: Reconciled item by item
B20: FF-601 | C20: FF&E | E20: ZZ | F20: Installed FF&E and finishes reconciliation report (model vs Fohlio) | G20: Report | H20: RP | I20: 3.2 FF&E | J20: 400 | K20: XLSX/PDF | L20: S2 | M20: Shared | N20: 47 | O20: 47 | S20: Information Manager | T20: TIDP-I | U20: Y | V20: N | W20: Y | Y20: No unlinked items; O&M data collected in Fohlio

Sheet TIDP-W
A1: < Cover
B2: Task Information Delivery Plan — Contractor and specialists
B4: The deliverables below are those already assigned to you in the Master Information Delivery Plan. Confirm the planned dates, add any deliverable your scope requires that is not listed, and return this sheet to the Information Manager. Rows are merged back into the register by reference. Use the drop-down lists; if a value you need is not offered, raise it rather than typing a variant.
B7: Task Information Delivery Plan | C7: TIDP-W
B8: Scope | C8: Contractor and specialists
B9: Appointed party | C9: [FILL — main contractor]
B10: Originator code | C10: [FILL — once the register is issued]
B11: Task Team Manager | C11: [FILL]
B12: Contact | C12: [FILL]
B13: Revision | C13: P01
B14: Date | C14: [FILL]
B16: Ref | C16: Discipline | D16: Originator | E16: Volume | F16: Deliverable | G16: Type | H16: Type code | I16: Stage | J16: LOD | K16: Format | L16: Suitability | M16: CDE State | N16: Month from | O16: Month to | P16: Planned date | Q16: Actual date | R16: Variance (days) | S16: Responsible | T16: TIDP ref | U16: Critical | V16: As-built | W16: O&M | X16: RAG | Y16: Notes
B17: C-500 | C17: Contractor | E17: ZZ | F17: Shop drawings and fabrication models (steel, MEP modules, façade) | G17: Model/Drawing | H17: M3 | I17: 3.1 Construction | J17: 400 | K17: RVT/IFC/PDF | L17: S2 | M17: Shared | N17: 12 | O17: 43 | S17: Contractor | T17: TIDP-W | U17: Y | V17: Y | W17: N | Y17: Linked into the federation
B18: Z-512 | C18: Contractor | E18: ZZ | F18: As-built capture (progressive) | G18: Model | H18: M3 | I18: 3.1 Construction | J18: 400 | K18: RVT/IFC | L18: S2 | M18: Shared | N18: 12 | O18: 43 | S18: Contractor | T18: TIDP-W | U18: Y | V18: Y | W18: N | Y18: Clouded changes in official documentation; current to within one month
B19: Z-513 | C19: Contractor | E19: ZZ | F19: Asset data capture (tiered schedule, BEP 14) | G19: Schedule | H19: SH | I19: 3.1 Construction | J19: 400 | K19: XLSX | L19: S2 | M19: Shared | N19: 12 | O19: 47 | S19: Contractor | T19: TIDP-W | U19: Y | V19: Y | W19: Y | Y19: Tier A serialised plant, B maintainable devices, C warranted fabric
B20: C-700 | C20: Contractor | E20: ZZ | F20: Final as-built documentation, commissioning records, warranties and O&M documents | G20: Document | H20: RP | I20: 3.3 Deliverable D | J20: 500 | K20: PDF | L20: A1 | M20: Published | N20: 48 | O20: 48 | S20: Contractor | T20: TIDP-W | U20: Y | V20: Y | W20: Y | Y20: Input to the record model verification

Sheet TIDP-ALL
A1: < Cover
B2: Task Information Delivery Plan — Every appointed party
B4: The deliverables below are those already assigned to you in the Master Information Delivery Plan. Confirm the planned dates, add any deliverable your scope requires that is not listed, and return this sheet to the Information Manager. Rows are merged back into the register by reference. Use the drop-down lists; if a value you need is not offered, raise it rather than typing a variant.
B7: Task Information Delivery Plan | C7: TIDP-ALL
B8: Scope | C8: Every appointed party
B9: Appointed party | C9: All parties
B10: Originator code | C10: [FILL — once the register is issued]
B11: Task Team Manager | C11: [FILL]
B12: Contact | C12: [FILL]
B13: Revision | C13: P01
B14: Date | C14: [FILL]
B16: Ref | C16: Discipline | D16: Originator | E16: Volume | F16: Deliverable | G16: Type | H16: Type code | I16: Stage | J16: LOD | K16: Format | L16: Suitability | M16: CDE State | N16: Month from | O16: Month to | P16: Planned date | Q16: Actual date | R16: Variance (days) | S16: Responsible | T16: TIDP ref | U16: Critical | V16: As-built | W16: O&M | X16: RAG | Y16: Notes
B17: Z-006 | C17: All disciplines | E17: ZZ | F17: Task Information Delivery Plan (one per appointed party) | G17: Schedule | H17: SH | I17: Mobilisation | J17: n/a | K17: XLSX | L17: S3 | M17: Shared | N17: 0 | O17: 0 | S17: Task Team Managers | T17: TIDP-ALL | U17: N | V17: N | W17: N | Y17: Returned to the Information Manager; merged into this MIDP
B18: Z-311 | C18: All disciplines | E18: ZZ | F18: Specifications (RIB SpecLink, CSI MasterFormat) | G18: Specification | H18: SP | I18: 2.3 Deliverable C | J18: 350 | K18: PDF | L18: S4 | M18: Shared | N18: 8 | O18: 8 | S18: Task Team Managers | T18: TIDP-ALL | U18: Y | V18: N | W18: Y | Y18: Issued sets archived with the milestone
B19: Z-705 | C19: All disciplines | E19: ZZ | F19: Native design, calculation, energy and system program files (A1 Deliverable D) | G19: Document | H19: RP | I19: 3.3 Deliverable D | J19: 500 | K19: Native | L19: A1 | M19: Published | N19: 48 | O19: 49 | S19: Task Team Managers | T19: TIDP-ALL | U19: Y | V19: N | W19: Y

Sheet Summary
A1: < Cover
B2: Delivery summary
B3: Calculated from the MIDP sheet. Do not type in this sheet.
B5: By stage
B6: Stage | C6: Deliverables | D6: Complete | E6: Red | F6: Amber | G6: Outstanding
B7: Mobilisation | C7: =COUNTIF(MIDP!$H:$H,$B7) | D7: =COUNTIFS(MIDP!$H:$H,$B7,MIDP!$W:$W,"Complete") | E7: =COUNTIFS(MIDP!$H:$H,$B7,MIDP!$W:$W,"Red") | F7: =COUNTIFS(MIDP!$H:$H,$B7,MIDP!$W:$W,"Amber") | G7: =C7-D7
B8: 2.1 Deliverable A | C8: =COUNTIF(MIDP!$H:$H,$B8) | D8: =COUNTIFS(MIDP!$H:$H,$B8,MIDP!$W:$W,"Complete") | E8: =COUNTIFS(MIDP!$H:$H,$B8,MIDP!$W:$W,"Red") | F8: =COUNTIFS(MIDP!$H:$H,$B8,MIDP!$W:$W,"Amber") | G8: =C8-D8
B9: 2.2 Deliverable B | C9: =COUNTIF(MIDP!$H:$H,$B9) | D9: =COUNTIFS(MIDP!$H:$H,$B9,MIDP!$W:$W,"Complete") | E9: =COUNTIFS(MIDP!$H:$H,$B9,MIDP!$W:$W,"Red") | F9: =COUNTIFS(MIDP!$H:$H,$B9,MIDP!$W:$W,"Amber") | G9: =C9-D9
B10: 2.3 Deliverable C | C10: =COUNTIF(MIDP!$H:$H,$B10) | D10: =COUNTIFS(MIDP!$H:$H,$B10,MIDP!$W:$W,"Complete") | E10: =COUNTIFS(MIDP!$H:$H,$B10,MIDP!$W:$W,"Red") | F10: =COUNTIFS(MIDP!$H:$H,$B10,MIDP!$W:$W,"Amber") | G10: =C10-D10
B11: 2.4 Tender | C11: =COUNTIF(MIDP!$H:$H,$B11) | D11: =COUNTIFS(MIDP!$H:$H,$B11,MIDP!$W:$W,"Complete") | E11: =COUNTIFS(MIDP!$H:$H,$B11,MIDP!$W:$W,"Red") | F11: =COUNTIFS(MIDP!$H:$H,$B11,MIDP!$W:$W,"Amber") | G11: =C11-D11
B12: 2.5 Conformed set | C12: =COUNTIF(MIDP!$H:$H,$B12) | D12: =COUNTIFS(MIDP!$H:$H,$B12,MIDP!$W:$W,"Complete") | E12: =COUNTIFS(MIDP!$H:$H,$B12,MIDP!$W:$W,"Red") | F12: =COUNTIFS(MIDP!$H:$H,$B12,MIDP!$W:$W,"Amber") | G12: =C12-D12
B13: 3.1 Construction | C13: =COUNTIF(MIDP!$H:$H,$B13) | D13: =COUNTIFS(MIDP!$H:$H,$B13,MIDP!$W:$W,"Complete") | E13: =COUNTIFS(MIDP!$H:$H,$B13,MIDP!$W:$W,"Red") | F13: =COUNTIFS(MIDP!$H:$H,$B13,MIDP!$W:$W,"Amber") | G13: =C13-D13
B14: 3.2 FF&E | C14: =COUNTIF(MIDP!$H:$H,$B14) | D14: =COUNTIFS(MIDP!$H:$H,$B14,MIDP!$W:$W,"Complete") | E14: =COUNTIFS(MIDP!$H:$H,$B14,MIDP!$W:$W,"Red") | F14: =COUNTIFS(MIDP!$H:$H,$B14,MIDP!$W:$W,"Amber") | G14: =C14-D14
B15: 3.3 Deliverable D | C15: =COUNTIF(MIDP!$H:$H,$B15) | D15: =COUNTIFS(MIDP!$H:$H,$B15,MIDP!$W:$W,"Complete") | E15: =COUNTIFS(MIDP!$H:$H,$B15,MIDP!$W:$W,"Red") | F15: =COUNTIFS(MIDP!$H:$H,$B15,MIDP!$W:$W,"Amber") | G15: =C15-D15
B16: Total | C16: =SUM(C7:C15) | D16: =SUM(D7:D15) | E16: =SUM(E7:E15) | F16: =SUM(F7:F15) | G16: =SUM(G7:G15)
B19: By discipline
B20: Discipline | C20: Deliverables | D20: Complete | E20: Red | F20: Amber | G20: Outstanding
B21: Information Management | C21: =COUNTIF(MIDP!$B:$B,$B21) | D21: =COUNTIFS(MIDP!$B:$B,$B21,MIDP!$W:$W,"Complete") | E21: =COUNTIFS(MIDP!$B:$B,$B21,MIDP!$W:$W,"Red") | F21: =COUNTIFS(MIDP!$B:$B,$B21,MIDP!$W:$W,"Amber") | G21: =C21-D21
B22: Architecture | C22: =COUNTIF(MIDP!$B:$B,$B22) | D22: =COUNTIFS(MIDP!$B:$B,$B22,MIDP!$W:$W,"Complete") | E22: =COUNTIFS(MIDP!$B:$B,$B22,MIDP!$W:$W,"Red") | F22: =COUNTIFS(MIDP!$B:$B,$B22,MIDP!$W:$W,"Amber") | G22: =C22-D22
B23: Interiors | C23: =COUNTIF(MIDP!$B:$B,$B23) | D23: =COUNTIFS(MIDP!$B:$B,$B23,MIDP!$W:$W,"Complete") | E23: =COUNTIFS(MIDP!$B:$B,$B23,MIDP!$W:$W,"Red") | F23: =COUNTIFS(MIDP!$B:$B,$B23,MIDP!$W:$W,"Amber") | G23: =C23-D23
B24: Structure | C24: =COUNTIF(MIDP!$B:$B,$B24) | D24: =COUNTIFS(MIDP!$B:$B,$B24,MIDP!$W:$W,"Complete") | E24: =COUNTIFS(MIDP!$B:$B,$B24,MIDP!$W:$W,"Red") | F24: =COUNTIFS(MIDP!$B:$B,$B24,MIDP!$W:$W,"Amber") | G24: =C24-D24
B25: Mechanical | C25: =COUNTIF(MIDP!$B:$B,$B25) | D25: =COUNTIFS(MIDP!$B:$B,$B25,MIDP!$W:$W,"Complete") | E25: =COUNTIFS(MIDP!$B:$B,$B25,MIDP!$W:$W,"Red") | F25: =COUNTIFS(MIDP!$B:$B,$B25,MIDP!$W:$W,"Amber") | G25: =C25-D25
B26: Electrical | C26: =COUNTIF(MIDP!$B:$B,$B26) | D26: =COUNTIFS(MIDP!$B:$B,$B26,MIDP!$W:$W,"Complete") | E26: =COUNTIFS(MIDP!$B:$B,$B26,MIDP!$W:$W,"Red") | F26: =COUNTIFS(MIDP!$B:$B,$B26,MIDP!$W:$W,"Amber") | G26: =C26-D26
B27: Public Health | C27: =COUNTIF(MIDP!$B:$B,$B27) | D27: =COUNTIFS(MIDP!$B:$B,$B27,MIDP!$W:$W,"Complete") | E27: =COUNTIFS(MIDP!$B:$B,$B27,MIDP!$W:$W,"Red") | F27: =COUNTIFS(MIDP!$B:$B,$B27,MIDP!$W:$W,"Amber") | G27: =C27-D27
B28: Fire Protection | C28: =COUNTIF(MIDP!$B:$B,$B28) | D28: =COUNTIFS(MIDP!$B:$B,$B28,MIDP!$W:$W,"Complete") | E28: =COUNTIFS(MIDP!$B:$B,$B28,MIDP!$W:$W,"Red") | F28: =COUNTIFS(MIDP!$B:$B,$B28,MIDP!$W:$W,"Amber") | G28: =C28-D28
B29: Low Voltage | C29: =COUNTIF(MIDP!$B:$B,$B29) | D29: =COUNTIFS(MIDP!$B:$B,$B29,MIDP!$W:$W,"Complete") | E29: =COUNTIFS(MIDP!$B:$B,$B29,MIDP!$W:$W,"Red") | F29: =COUNTIFS(MIDP!$B:$B,$B29,MIDP!$W:$W,"Amber") | G29: =C29-D29
B30: Civil and Site | C30: =COUNTIF(MIDP!$B:$B,$B30) | D30: =COUNTIFS(MIDP!$B:$B,$B30,MIDP!$W:$W,"Complete") | E30: =COUNTIFS(MIDP!$B:$B,$B30,MIDP!$W:$W,"Red") | F30: =COUNTIFS(MIDP!$B:$B,$B30,MIDP!$W:$W,"Amber") | G30: =C30-D30
B31: QS / Cost | C31: =COUNTIF(MIDP!$B:$B,$B31) | D31: =COUNTIFS(MIDP!$B:$B,$B31,MIDP!$W:$W,"Complete") | E31: =COUNTIFS(MIDP!$B:$B,$B31,MIDP!$W:$W,"Red") | F31: =COUNTIFS(MIDP!$B:$B,$B31,MIDP!$W:$W,"Amber") | G31: =C31-D31
B32: FF&E | C32: =COUNTIF(MIDP!$B:$B,$B32) | D32: =COUNTIFS(MIDP!$B:$B,$B32,MIDP!$W:$W,"Complete") | E32: =COUNTIFS(MIDP!$B:$B,$B32,MIDP!$W:$W,"Red") | F32: =COUNTIFS(MIDP!$B:$B,$B32,MIDP!$W:$W,"Amber") | G32: =C32-D32
... B34: All disciplines | C34: =COUNTIF(MIDP!$B:$B,$B34) | D34: =COUNTIFS(MIDP!$B:$B,$B34,MIDP!$W:$W,"Complete") | E34: =COUNTIFS(MIDP!$B:$B,$B34,MIDP!$W:$W,"Red") | F34: =COUNTIFS(MIDP!$B:$B,$B34,MIDP!$W:$W,"Amber") | G34: =C34-D34
B35: Total | C35: =SUM(C21:C34) | D35: =SUM(D21:D34) | E35: =SUM(E21:E34) | F35: =SUM(F21:F34) | G35: =SUM(G21:G34)
B38: By Task Information Delivery Plan
B39: TIDP | C39: Deliverables | D39: Complete | E39: Red | F39: Amber | G39: Outstanding
B40: TIDP-Z | C40: =COUNTIF(MIDP!$S:$S,$B40) | D40: =COUNTIFS(MIDP!$S:$S,$B40,MIDP!$W:$W,"Complete") | E40: =COUNTIFS(MIDP!$S:$S,$B40,MIDP!$W:$W,"Red") | F40: =COUNTIFS(MIDP!$S:$S,$B40,MIDP!$W:$W,"Amber") | G40: =C40-D40
B41: TIDP-A | C41: =COUNTIF(MIDP!$S:$S,$B41) | D41: =COUNTIFS(MIDP!$S:$S,$B41,MIDP!$W:$W,"Complete") | E41: =COUNTIFS(MIDP!$S:$S,$B41,MIDP!$W:$W,"Red") | F41: =COUNTIFS(MIDP!$S:$S,$B41,MIDP!$W:$W,"Amber") | G41: =C41-D41
B42: TIDP-S | C42: =COUNTIF(MIDP!$S:$S,$B42) | D42: =COUNTIFS(MIDP!$S:$S,$B42,MIDP!$W:$W,"Complete") | E42: =COUNTIFS(MIDP!$S:$S,$B42,MIDP!$W:$W,"Red") | F42: =COUNTIFS(MIDP!$S:$S,$B42,MIDP!$W:$W,"Amber") | G42: =C42-D42
B43: TIDP-M | C43: =COUNTIF(MIDP!$S:$S,$B43) | D43: =COUNTIFS(MIDP!$S:$S,$B43,MIDP!$W:$W,"Complete") | E43: =COUNTIFS(MIDP!$S:$S,$B43,MIDP!$W:$W,"Red") | F43: =COUNTIFS(MIDP!$S:$S,$B43,MIDP!$W:$W,"Amber") | G43: =C43-D43
B44: TIDP-E | C44: =COUNTIF(MIDP!$S:$S,$B44) | D44: =COUNTIFS(MIDP!$S:$S,$B44,MIDP!$W:$W,"Complete") | E44: =COUNTIFS(MIDP!$S:$S,$B44,MIDP!$W:$W,"Red") | F44: =COUNTIFS(MIDP!$S:$S,$B44,MIDP!$W:$W,"Amber") | G44: =C44-D44
B45: TIDP-P | C45: =COUNTIF(MIDP!$S:$S,$B45) | D45: =COUNTIFS(MIDP!$S:$S,$B45,MIDP!$W:$W,"Complete") | E45: =COUNTIFS(MIDP!$S:$S,$B45,MIDP!$W:$W,"Red") | F45: =COUNTIFS(MIDP!$S:$S,$B45,MIDP!$W:$W,"Amber") | G45: =C45-D45
B46: TIDP-Y-FP | C46: =COUNTIF(MIDP!$S:$S,$B46) | D46: =COUNTIFS(MIDP!$S:$S,$B46,MIDP!$W:$W,"Complete") | E46: =COUNTIFS(MIDP!$S:$S,$B46,MIDP!$W:$W,"Red") | F46: =COUNTIFS(MIDP!$S:$S,$B46,MIDP!$W:$W,"Amber") | G46: =C46-D46
B47: TIDP-Y-LV | C47: =COUNTIF(MIDP!$S:$S,$B47) | D47: =COUNTIFS(MIDP!$S:$S,$B47,MIDP!$W:$W,"Complete") | E47: =COUNTIFS(MIDP!$S:$S,$B47,MIDP!$W:$W,"Red") | F47: =COUNTIFS(MIDP!$S:$S,$B47,MIDP!$W:$W,"Amber") | G47: =C47-D47
B48: TIDP-C | C48: =COUNTIF(MIDP!$S:$S,$B48) | D48: =COUNTIFS(MIDP!$S:$S,$B48,MIDP!$W:$W,"Complete") | E48: =COUNTIFS(MIDP!$S:$S,$B48,MIDP!$W:$W,"Red") | F48: =COUNTIFS(MIDP!$S:$S,$B48,MIDP!$W:$W,"Amber") | G48: =C48-D48
B49: TIDP-Q | C49: =COUNTIF(MIDP!$S:$S,$B49) | D49: =COUNTIFS(MIDP!$S:$S,$B49,MIDP!$W:$W,"Complete") | E49: =COUNTIFS(MIDP!$S:$S,$B49,MIDP!$W:$W,"Red") | F49: =COUNTIFS(MIDP!$S:$S,$B49,MIDP!$W:$W,"Amber") | G49: =C49-D49
B50: TIDP-I | C50: =COUNTIF(MIDP!$S:$S,$B50) | D50: =COUNTIFS(MIDP!$S:$S,$B50,MIDP!$W:$W,"Complete") | E50: =COUNTIFS(MIDP!$S:$S,$B50,MIDP!$W:$W,"Red") | F50: =COUNTIFS(MIDP!$S:$S,$B50,MIDP!$W:$W,"Amber") | G50: =C50-D50
B51: TIDP-W | C51: =COUNTIF(MIDP!$S:$S,$B51) | D51: =COUNTIFS(MIDP!$S:$S,$B51,MIDP!$W:$W,"Complete") | E51: =COUNTIFS(MIDP!$S:$S,$B51,MIDP!$W:$W,"Red") | F51: =COUNTIFS(MIDP!$S:$S,$B51,MIDP!$W:$W,"Amber") | G51: =C51-D51
B52: TIDP-ALL | C52: =COUNTIF(MIDP!$S:$S,$B52) | D52: =COUNTIFS(MIDP!$S:$S,$B52,MIDP!$W:$W,"Complete") | E52: =COUNTIFS(MIDP!$S:$S,$B52,MIDP!$W:$W,"Red") | F52: =COUNTIFS(MIDP!$S:$S,$B52,MIDP!$W:$W,"Amber") | G52: =C52-D52
B53: Total | C53: =SUM(C40:C52) | D53: =SUM(D40:D52) | E53: =SUM(E40:E52) | F53: =SUM(F40:F52) | G53: =SUM(G40:G52)
B56: Deliverable classes
B57: Class | C57: Deliverables
B58: On the critical path | C58: =COUNTIF(MIDP!$T:$T,"Y")
B59: Feeding the as-built model | C59: =COUNTIF(MIDP!$U:$U,"Y")
B60: Feeding the O&M / asset data pack | C60: =COUNTIF(MIDP!$V:$V,"Y")

Sheet Drawing schedule
A1: < Cover
B2: Planned drawing schedule
B3: Indicative sheet counts by volume and role, carried forward from the June information delivery plan. Confirmed against each Task Information Delivery Plan at mobilisation and rebaselined at Deliverable B.
B6: Volume | C6: Building | D6: Role | E6: Sheets | F6: Content
B7: 01 | C7: Temple (2,449 m²) | D7: A | E7: 28 | F7: GA plans, RCPs, elevations, sections, details, door/window schedules
B8: 01 | C8: Temple (2,449 m²) | D8: S | E8: 17 | F8: Foundations, framing plans, sections, details, schedules
B9: 01 | C9: Temple (2,449 m²) | D9: M | E9: 14 | F9: HVAC plans, schematics, equipment schedules, details
B10: 01 | C10: Temple (2,449 m²) | D10: E | E10: 24 | F10: Power, lighting (17 + 7 lighting sheets), single-line, panel schedules, details
B11: 01 | C11: Temple (2,449 m²) | D11: P | E11: 11 | F11: Water, drainage, schematics, details
B12: 01 | C12: Temple (2,449 m²) | D12: FP | E12: 6 | F12: Fire strategy, sprinkler and detection layout
B13: 01 | C13: Temple (2,449 m²) | D13: A (interiors) | E13: 8 | F13: FF&E layouts, finishes, joinery
B14: 02 | C14: Meetinghouse (1,312 m²) | D14: A | E14: 20 | F14: GA plans, RCPs, elevations, sections, details, door/window schedules
B15: 02 | C15: Meetinghouse (1,312 m²) | D15: S | E15: 12 | F15: Foundations, framing plans, sections, details, schedules
B16: 02 | C16: Meetinghouse (1,312 m²) | D16: M | E16: 10 | F16: HVAC plans, schematics, equipment schedules, details
B17: 02 | C17: Meetinghouse (1,312 m²) | D17: E | E17: 17 | F17: Power, lighting (12 + 5), single-line, panel schedules, details
B18: 02 | C18: Meetinghouse (1,312 m²) | D18: P | E18: 8 | F18: Water, drainage, schematics, details
... B50: 00 | C50: Site-wide / external works | D50: G | E50: 4 | F50: Civil details and sections
C51: Total sheets | E51: =SUM(E7:E50)

Sheet Change log
A1: < Cover
B2: Change log
B3: What changed between the previous issue of this register and this one, and why. "Restored" rows were carried by the June plan and dropped by the August issue.
B6: Counts
B7: Change | C7: Deliverables
B8: Carried forward | C8: 78
B9: Restored | C9: 22
B10: Added | C10: 21
B11: Total | C11: 121
B14: Rows added or restored
B15: Ref | C15: Change | D15: Deliverable | E15: Reason
B16: Z-000 | C16: Carried forward | D16: BIM Execution Plan | E16: Reference KUT-SMB-ZZ-ZZ-RP-Z-0001 (I-01)
B17: Z-001 | C17: Carried forward | D17: Master Information Delivery Plan | E17: Type Document → Schedule; reference SH-Z-0001
B18: Z-003 | C18: Carried forward | D18: Responsibility matrix (RACI) | E18: June ref Z-002; reissued with P02 codes
B19: Z-004 | C19: Carried forward | D19: Project template, family library and title blocks | E19: June ref Z-006
B20: Z-005 | C20: Carried forward | D20: Originator code register | E20: Responsible: Appointing Party → Lead Appointed Party (B-02)
B21: Z-007 | C21: Carried forward | D21: Standards reconciliation schedule (BEP 4.1.3) | E21: End month set to M8: closed before Technical Design
B22: Z-012 | C22: Carried forward | D22: CDE folder structure and permission matrix | E22: June ref Z-005 "CDE setup"
B23: Z-018 | C23: Added | D23: Standards localisation note (Owner standards to Ugandan practice) | E23: Added from proposal 4.1 (BEP 4.1.4)
B24: Z-019 | C24: Added | D24: Stage 0 gate record (test model shared by every appointed party) | E24: Added (A-02): the Stage 0 exit gate had no date
B25: Z-020 | C25: Added | D25: Monthly BIM status report (design stage) | E25: Added (D-05): proposal 4.5 requires monthly reporting throughout; Aug MIDP started at M12
B26: Z-021 | C26: Restored | D26: Kickoff induction record and BEP acknowledgement | E26: June ref Z-007 "Kickoff training + signed BEP"; dropped in Aug
... B88: Z-706 | C88: Added | D88: Final drawing register | E88: Added (Playbook 6.8 deliverables)
B91: Retired references
B92: Ref | C92: From | D92: Deliverable | E92: Disposition
B93: Z-023 | C93: New P02 | D93: Drawing and document numbering convention (reissued) | E93: Absorbed into Z-022, the Document Control Standard. A separate numbering convention would have been a third statement of the container naming rules, beside BEP 4.2 and the standard itself, and the June pair had already drifted apart
B94: ALL-500 | C94: Aug P01 | D94: Construction stage models (all disciplines) | E94: Replaced by per-discipline rows A-500 to G-500 (G-02)
B95: Z-004 (June) | C95: Jun P01 | D95: Naming and tagging standard | E95: Merged into BEP 4.2 and Playbook s4; no separate document
B96: Z-005 (June) | C96: Jun P01 | D96: CDE setup (four states + permissions) | E96: Became Z-012 CDE folder structure and permission matrix
B97: Z-006 (June) | C97: Jun P01 | D97: Revit template + controlled family library | E97: Became Z-004
B98: Z-007 (June) | C98: Jun P01 | D98: Kickoff training + signed BEP | E98: Became Z-021
B99: Z-003 (June) | C99: Jun P01 | D99: Federated coordination model at 2.1 | E99: Kept as Aug ref Z-010
B100: Z-401 (June) | C100: Jun P01 | D100: Conformed set | E100: Kept as Aug ref Z-410
B101: Z-512 (June) | C101: Jun P01 | D101: Revision register | E101: Became Z-516 (Aug Z-512 is the Contractor as-built capture row)
B102: Z-514 (June) | C102: Jun P01 | D102: Quarterly model-health audit | E102: Became Z-515 (Aug Z-514 is the asset data completeness report)
B103: M-300b / E-300b (June) | C103: Jun P01 | D103: HVAC load schedules; panel schedules and single-line diagrams | E103: Became M-302 and E-301
B104: Z-703 (June) | C104: Jun P01 | D104: Final handover transmittal + archive | E104: Became Z-704 (Aug Z-703 is the Deliverable D gate pack)

Sheet Lists
A1: Discipline | B1: Originator | C1: Type | D1: Stage | E1: LOD | F1: Suitability | G1: CDE State | H1: RAG | I1: Volume | J1: Type code | K1: Yes/No
A2: Information Management | B2: [FILL — from the originator code register] | C2: Model | D2: Mobilisation | E2: n/a | F2: S0 | G2: WIP | H2: Green | I2: 00 | J2: CO | K2: Y
A3: Architecture | C3: Drawing | D3: 2.1 Deliverable A | E3: 100 | F3: S1 | G3: Shared | H3: Amber | I3: 01 | J3: CP | K3: N
A4: Interiors | C4: Schedule | D4: 2.2 Deliverable B | E4: 200 | F4: S2 | G4: Published | H4: Red | I4: 02 | J4: CR
A5: Structure | C5: Document | D5: 2.3 Deliverable C | E5: 300 | F5: S3 | G5: Archived | H5: Complete | I5: 03 | J5: DR
A6: Mechanical | C6: Specification | D6: 2.4 Tender | E6: 350 | F6: S4 | I6: 04 | J6: IE
A7: Electrical | C7: Report | D7: 2.5 Conformed set | E7: 400 | F7: A1 | I7: 05 | J7: M2
A8: Public Health | C8: Calculation | D8: 3.1 Construction | E8: 500 | F8: B1 | I8: 06 | J8: M3
A9: Fire Protection | C9: Room data sheet | D9: 3.2 FF&E | I9: ZZ | J9: MI
A10: Low Voltage | C10: Model/Drawing | D10: 3.3 Deliverable D | J10: PP
A11: Civil and Site | C11: Model/Document | J11: PR
A12: QS / Cost | C12: Schedule/Drawing | J12: RD
A13: FF&E | J13: RI
A14: Contractor | J14: RP
A15: All disciplines | J15: SH
J16: SN
J17: SP
J18: SU
J19: VS
A20: Reference prefix | B20: Groups | C20: Container role code
A21: A | B21: Architecture and interiors | C21: A
A22: S | B22: Structure | C22: S
A23: M | B23: Mechanical | C23: M
A24: E | B24: Electrical, including lighting | C24: E
A25: P | B25: Public health | C25: P
A26: FP | B26: Fire protection | C26: FP
A27: LV | B27: Low voltage and communications | C27: LV
A28: G | B28: Civil and site | C28: G
A29: FF | B29: FF&E and finishes | C29: A — issued under architecture
A30: C | B30: Contractor and specialists | C30: per the discipline of the container
A31: Z | B31: Information management, cost and project-wide | C31: Z
